Date,Close/Last,Volume,Open,High,Low
10/24/2024,$13.23,265225,$13.15,$13.35,$13.15
10/23/2024,$13.14,395829,$13.12,$13.40,$13.09
10/22/2024,$13.23,345955,$13.14,$13.42,$13.12
10/21/2024,$13.34,583072,$13.42,$13.48,$13.30
10/18/2024,$13.48,605631,$13.22,$13.50,$13.22
10/17/2024,$13.40,1841523,$13.43,$13.45,$13.21
10/16/2024,$13.33,1324611,$13.20,$13.38,$13.20
10/15/2024,$13.12,773284,$13.17,$13.255,$13.10
10/14/2024,$13.18,464381,$13.15,$13.30,$13.15
10/11/2024,$13.24,641712,$13.185,$13.39,$13.185
10/10/2024,$13.32,942520,$13.40,$13.40,$13.20
10/09/2024,$13.29,3499904,$13.20,$13.30,$12.00
10/08/2024,$13.46,949912,$13.39,$13.49,$13.37
10/07/2024,$13.58,665417,$13.65,$13.79,$13.523
10/04/2024,$13.19,413641,$13.21,$13.24,$13.13
10/03/2024,$13.13,1380375,$13.13,$13.21,$13.10
10/02/2024,$13.19,850345,$13.30,$13.30,$13.14
10/01/2024,$13.37,578783,$13.32,$13.49,$13.15
09/30/2024,$13.32,376248,$13.44,$13.44,$13.28
09/27/2024,$13.53,461910,$13.70,$13.77,$13.48
09/26/2024,$13.89,377078,$13.77,$13.90,$13.69
09/25/2024,$13.20,454629,$13.39,$13.39,$13.15
09/24/2024,$13.40,381859,$13.50,$13.50,$13.34
09/23/2024,$13.39,573123,$13.30,$13.45,$13.25
09/20/2024,$13.372,856963,$13.53,$13.53,$13.33
09/19/2024,$13.48,516044,$13.55,$13.66,$13.44
09/18/2024,$13.28,431552,$13.30,$13.49,$13.21
09/17/2024,$13.33,346839,$13.51,$13.55,$13.31
09/16/2024,$13.47,300217,$13.44,$13.55,$13.38
09/13/2024,$13.36,248888,$13.48,$13.48,$13.35
09/12/2024,$13.49,214748,$13.42,$13.50,$13.3225
09/11/2024,$13.43,353712,$13.28,$13.43,$13.20
09/10/2024,$13.45,421680,$13.30,$13.46,$13.30
09/09/2024,$13.52,501570,$13.30,$13.58,$13.30
09/06/2024,$13.30,403732,$13.50,$13.55,$13.28
09/05/2024,$13.48,582551,$13.45,$13.52,$13.43
09/04/2024,$13.36,495428,$13.10,$13.36,$13.10
09/03/2024,$13.30,517412,$13.66,$13.67,$13.25
08/30/2024,$13.60,310446,$13.55,$13.71,$13.52
08/29/2024,$13.53,330420,$13.58,$13.73,$13.50
08/28/2024,$13.64,284626,$13.87,$13.87,$13.62
08/27/2024,$13.91,240030,$13.95,$14.00,$13.76
08/26/2024,$14.00,264759,$13.95,$14.09,$13.95
08/23/2024,$14.22,387895,$13.94,$14.22,$13.94
08/22/2024,$14.01,359696,$14.07,$14.25,$14.01
08/21/2024,$14.22,601962,$13.95,$14.22,$13.94
08/20/2024,$13.85,230446,$13.88,$13.88,$13.70
08/19/2024,$13.77,328378,$13.63,$13.88,$13.63
08/16/2024,$13.58,417548,$13.45,$13.68,$13.45
08/15/2024,$13.43,394597,$13.38,$13.43,$13.23
08/14/2024,$13.38,1037349,$13.40,$13.46,$13.36
08/13/2024,$13.205,573015,$13.07,$13.30,$13.07
08/12/2024,$13.25,602499,$13.12,$13.36,$13.12
08/09/2024,$13.23,929154,$13.05,$13.40,$13.05
08/08/2024,$12.99,815991,$12.67,$13.01,$12.67
08/07/2024,$12.90,796920,$12.92,$13.28,$12.88
08/06/2024,$12.59,2223742,$12.83,$12.83,$12.44
08/05/2024,$11.88,5740258,$11.36,$11.97,$11.36
08/02/2024,$11.89,2413923,$12.38,$12.38,$11.85
08/01/2024,$13.21,964517,$13.44,$13.50,$13.07
07/31/2024,$13.72,1221761,$13.76,$13.82,$13.59
07/30/2024,$13.52,471185,$13.53,$13.54,$13.40
07/29/2024,$13.47,404614,$13.48,$13.72,$13.40
07/26/2024,$13.54,485733,$13.38,$13.55,$13.38
07/25/2024,$13.34,728222,$13.47,$13.53,$13.32
07/24/2024,$13.47,462562,$13.56,$13.75,$13.46
07/23/2024,$13.5186,386078,$13.48,$13.61,$13.46
07/22/2024,$13.6099,1087843,$13.55,$13.64,$13.54
07/19/2024,$13.44,1035870,$13.615,$13.64,$13.44
07/18/2024,$13.63,1640538,$13.65,$13.76,$13.58
07/17/2024,$13.76,836177,$13.78,$13.83,$13.7225
07/16/2024,$13.89,563463,$13.83,$13.93,$13.75
07/15/2024,$14.02,335920,$14.15,$14.15,$14.00
07/12/2024,$14.10,392801,$13.97,$14.14,$13.97
07/11/2024,$14.10,406147,$14.14,$14.27,$14.10
07/10/2024,$14.00,930749,$13.81,$14.00,$13.81
07/09/2024,$13.76,276420,$13.75,$13.95,$13.75
07/08/2024,$13.63,281435,$13.67,$13.70,$13.60
07/05/2024,$13.78,318712,$13.82,$13.8699,$13.66
07/03/2024,$13.74,1159715,$13.63,$13.77,$13.63
07/02/2024,$13.79,1502345,$13.80,$13.82,$13.62
07/01/2024,$13.48,287592,$13.60,$13.60,$13.46
06/28/2024,$13.30,494772,$13.32,$13.35,$13.235
06/27/2024,$13.38,283623,$13.35,$13.40,$13.33
06/26/2024,$13.39,296428,$13.53,$13.55,$13.36
06/25/2024,$13.47,404476,$13.49,$13.50,$13.41
06/24/2024,$13.27,272424,$13.30,$13.39,$13.26
06/21/2024,$13.26,320646,$13.246,$13.29,$13.22
06/20/2024,$13.30,654771,$13.42,$13.50,$13.25
06/18/2024,$13.79,818797,$13.79,$13.88,$13.66
06/17/2024,$13.37,468990,$13.20,$13.45,$13.20
06/14/2024,$13.39,513623,$13.35,$13.44,$13.34
06/13/2024,$13.24,584112,$13.28,$13.36,$13.19
06/12/2024,$13.65,701834,$13.66,$13.80,$13.61
06/11/2024,$13.72,511272,$13.81,$13.90,$13.67
06/10/2024,$13.95,581934,$13.79,$13.96,$13.78
06/07/2024,$13.90,340598,$14.00,$14.00,$13.89
06/06/2024,$14.09,330303,$14.10,$14.19,$14.03
06/05/2024,$14.09,350115,$14.02,$14.16,$13.99
06/04/2024,$14.20,1203678,$14.05,$14.22,$14.05
06/03/2024,$13.73,453970,$13.65,$13.796,$13.65
05/31/2024,$13.58,724604,$13.55,$13.67,$13.48
05/30/2024,$13.29,335089,$13.35,$13.35,$13.20
05/29/2024,$13.01,349738,$13.00,$13.10,$13.00
05/28/2024,$13.00,655503,$13.01,$13.12,$12.98
05/24/2024,$13.16,837618,$13.02,$13.20,$13.02
05/23/2024,$13.04,1209267,$13.30,$13.335,$13.01
05/22/2024,$13.33,3964492,$13.25,$13.38,$13.25
05/21/2024,$13.44,774331,$13.34,$13.60,$13.33
05/20/2024,$13.375,1590067,$13.55,$13.55,$13.31
05/17/2024,$13.64,1768452,$13.52,$13.70,$13.52
05/16/2024,$13.68,6516149,$13.76,$13.82,$13.67
05/15/2024,$13.41,1624925,$13.38,$13.48,$13.20
05/14/2024,$13.49,2912689,$13.42,$13.58,$13.37
05/13/2024,$12.85,2100730,$12.75,$12.94,$12.75
05/10/2024,$12.62,2236666,$12.59,$12.69,$12.50
05/09/2024,$12.33,3748453,$12.20,$12.35,$12.11
05/08/2024,$11.76,2176690,$11.88,$11.93,$11.75
05/07/2024,$12.40,1457203,$12.19,$12.55,$12.17
05/06/2024,$12.41,851210,$12.35,$12.48,$12.25
05/03/2024,$12.38,293488,$12.425,$12.425,$12.28
05/02/2024,$12.25,562550,$12.05,$12.25,$12.05
05/01/2024,$12.05,751290,$12.10,$12.20,$12.01
04/30/2024,$12.18,1854017,$12.33,$12.33,$12.16
04/29/2024,$12.35,749062,$12.30,$12.35,$12.25
04/26/2024,$12.25,1511928,$12.16,$12.25,$12.10
04/25/2024,$11.89,1290580,$11.84,$11.905,$11.77
04/24/2024,$12.04,298796,$12.08,$12.11,$12.00
04/23/2024,$12.08,628478,$12.10,$12.12,$12.02
04/22/2024,$12.13,434927,$12.22,$12.27,$12.06
04/19/2024,$11.98,1230404,$12.08,$12.19,$11.95
04/18/2024,$12.12,672648,$12.19,$12.27,$12.12
04/17/2024,$12.22,489411,$12.27,$12.40,$12.18
04/16/2024,$12.14,738679,$12.06,$12.14,$12.03
04/15/2024,$12.19,1031949,$12.41,$12.45,$12.18
04/12/2024,$12.41,474540,$12.45,$12.60,$12.41
04/11/2024,$12.575,771891,$12.55,$12.60,$12.48
04/10/2024,$12.63,406559,$12.75,$12.75,$12.58
04/09/2024,$12.91,356215,$12.90,$12.95,$12.86
04/08/2024,$12.95,478995,$12.90,$13.02,$12.88
04/05/2024,$12.77,512851,$12.75,$12.79,$12.72
04/04/2024,$12.83,660675,$12.92,$13.00,$12.80
04/03/2024,$12.90,676932,$12.84,$12.91,$12.80
04/02/2024,$13.33,993573,$13.33,$13.38,$13.27
04/01/2024,$13.46,555581,$13.50,$13.55,$13.36
03/28/2024,$13.59,698660,$13.50,$13.64,$13.50
03/27/2024,$13.68,302539,$13.86,$13.90,$13.63
03/26/2024,$13.68,376677,$13.67,$13.75,$13.65
03/25/2024,$13.67,410166,$13.68,$13.72,$13.57
03/22/2024,$13.84,994550,$13.76,$13.89,$13.76
03/21/2024,$13.84,480567,$13.95,$13.95,$13.76
03/20/2024,$13.92,353123,$13.81,$13.941,$13.81
03/19/2024,$13.91,515776,$13.72,$13.92,$13.72
03/18/2024,$13.78,371380,$13.77,$13.87,$13.76
03/15/2024,$13.77,370676,$13.82,$13.85,$13.70
03/14/2024,$13.78,334991,$13.80,$13.98,$13.73
03/13/2024,$13.82,390196,$14.00,$14.00,$13.82
03/12/2024,$13.91,334973,$14.00,$14.04,$13.82
03/11/2024,$13.95,477042,$13.89,$14.00,$13.89
03/08/2024,$13.77,508778,$14.00,$14.00,$13.75
03/07/2024,$14.02,368773,$13.98,$14.055,$13.96
03/06/2024,$13.90,383743,$13.90,$14.00,$13.85
03/05/2024,$13.84,498465,$13.86,$13.95,$13.81
03/04/2024,$13.79,1421544,$13.83,$13.86,$13.76
03/01/2024,$14.04,1208622,$13.96,$14.07,$13.96
02/29/2024,$13.91,1060649,$13.91,$14.00,$13.89
02/28/2024,$13.77,880401,$13.78,$13.83,$13.73
02/27/2024,$14.04,878844,$14.18,$14.18,$14.02
02/26/2024,$14.24,1128333,$14.32,$14.45,$14.24
02/23/2024,$13.96,589474,$14.00,$14.025,$13.92
02/22/2024,$13.94,935646,$14.04,$14.08,$13.87
02/21/2024,$13.99,1099770,$13.85,$13.99,$13.80
02/20/2024,$13.62,1342241,$13.71,$13.74,$13.52
02/16/2024,$14.30,1219158,$14.41,$14.59,$14.28
02/15/2024,$14.94,1112571,$14.85,$15.01,$14.80
02/14/2024,$14.685,2112091,$14.72,$14.77,$14.62
02/13/2024,$14.33,1335825,$14.40,$14.41,$14.25
02/12/2024,$14.47,4037421,$14.60,$14.75,$14.44
02/09/2024,$14.58,558673,$14.50,$14.60,$14.46
02/08/2024,$14.46,862072,$14.37,$14.46,$14.29
02/07/2024,$14.17,956220,$14.16,$14.30,$14.11
02/06/2024,$14.55,2628169,$14.20,$14.65,$14.20
02/05/2024,$13.99,2588433,$14.16,$14.22,$13.92
02/02/2024,$14.29,2172382,$14.10,$14.29,$14.02
02/01/2024,$14.22,943821,$14.00,$14.22,$13.99
01/31/2024,$13.89,418788,$13.93,$14.10,$13.89
01/30/2024,$13.92,639278,$13.83,$14.00,$13.83
01/29/2024,$13.70,523656,$13.62,$13.70,$13.60
01/26/2024,$13.40,456756,$13.30,$13.40,$13.30
01/25/2024,$13.45,629803,$13.43,$13.50,$13.37
01/24/2024,$13.36,585264,$13.40,$13.48,$13.36
01/23/2024,$13.52,474453,$13.60,$13.60,$13.48
01/22/2024,$13.60,965499,$13.63,$13.69,$13.53
01/19/2024,$13.74,647055,$13.69,$13.7655,$13.63
01/18/2024,$13.65,911688,$13.65,$13.74,$13.56
01/17/2024,$13.34,714655,$13.35,$13.44,$13.27
01/16/2024,$13.65,770643,$13.78,$13.83,$13.63
01/12/2024,$13.93,954159,$13.92,$14.02,$13.92
01/11/2024,$13.605,492558,$13.47,$13.68,$13.47
01/10/2024,$13.43,1040745,$13.54,$13.62,$13.43
01/09/2024,$13.06,626507,$13.00,$13.09,$12.90
01/08/2024,$12.79,1120035,$12.55,$12.80,$12.45
01/05/2024,$12.49,421261,$12.42,$12.60,$12.42
01/04/2024,$12.42,514952,$12.52,$12.52,$12.35
01/03/2024,$12.70,439246,$12.80,$12.89,$12.60
01/02/2024,$12.80,622184,$12.97,$12.97,$12.80
12/29/2023,$12.99,789554,$12.90,$12.99,$12.88
12/28/2023,$12.51,564075,$12.50,$12.70,$12.48
12/27/2023,$12.48,464980,$12.31,$12.50,$12.31
12/26/2023,$12.28,461067,$12.17,$12.29,$12.17
12/22/2023,$12.17,500192,$12.19,$12.25,$12.10
12/21/2023,$12.19,536163,$12.00,$12.19,$12.00
12/20/2023,$11.96,891823,$12.00,$12.09,$11.92
12/19/2023,$12.07,829294,$11.98,$12.09,$11.97
12/18/2023,$11.90,528715,$11.97,$12.00,$11.80
12/15/2023,$11.79,1068693,$11.96,$11.96,$11.79
12/14/2023,$12.075,467999,$11.96,$12.08,$11.95
12/13/2023,$12.02,598102,$11.86,$12.06,$11.85
12/12/2023,$11.88,688977,$11.88,$11.95,$11.80
12/11/2023,$11.79,481033,$11.75,$11.82,$11.75
12/08/2023,$11.79,804817,$11.73,$11.80,$11.73
12/07/2023,$11.73,856172,$11.69,$11.80,$11.69
12/06/2023,$11.57,1082172,$11.62,$11.71,$11.57
12/05/2023,$11.55,469018,$11.50,$11.60,$11.50
12/04/2023,$11.55,562441,$11.58,$11.65,$11.49
12/01/2023,$11.73,519133,$11.66,$11.78,$11.60
11/30/2023,$11.63,495569,$11.60,$11.66,$11.55
11/29/2023,$11.53,602618,$11.51,$11.56,$11.50
11/28/2023,$11.54,672321,$11.53,$11.55,$11.455
11/27/2023,$11.54,685138,$11.51,$11.55,$11.48
11/24/2023,$11.48,357340,$11.37,$11.59,$11.35
11/22/2023,$11.61,452480,$11.46,$11.72,$11.46
11/21/2023,$11.49,917422,$11.45,$11.56,$11.45
11/20/2023,$11.44,1229194,$11.47,$11.47,$11.38
11/17/2023,$11.53,612581,$11.54,$11.71,$11.51
11/16/2023,$11.67,544780,$11.52,$11.69,$11.52
11/15/2023,$11.52,959452,$11.57,$11.70,$11.51
11/14/2023,$11.76,1021719,$11.77,$11.80,$11.635
11/13/2023,$11.6399,4914856,$11.51,$11.64,$11.51
11/10/2023,$11.395,784912,$11.37,$11.45,$11.27
11/09/2023,$11.68,1744353,$11.83,$11.87,$11.666
11/08/2023,$11.355,1909484,$11.36,$11.54,$11.30
11/07/2023,$10.98,1605745,$10.69,$11.00,$10.67
11/06/2023,$10.68,750431,$10.63,$10.69,$10.56
11/03/2023,$10.80,511726,$10.71,$10.80,$10.69
11/02/2023,$10.61,1109519,$10.57,$10.61,$10.53
11/01/2023,$10.48,691114,$10.35,$10.48,$10.35
10/31/2023,$10.32,1282410,$10.23,$10.36,$10.23
10/30/2023,$10.204,822422,$10.24,$10.25,$10.15
10/27/2023,$10.23,685968,$10.25,$10.32,$10.19
10/26/2023,$10.12,763217,$10.10,$10.18,$10.06
10/25/2023,$10.17,475623,$10.15,$10.25,$10.15
10/24/2023,$10.11,620919,$10.13,$10.15,$10.08
10/23/2023,$10.09,848528,$10.05,$10.12,$10.03
10/20/2023,$10.07,839284,$10.19,$10.19,$10.03
10/19/2023,$10.092,761276,$10.17,$10.18,$10.06
10/18/2023,$10.04,451909,$10.11,$10.18,$10.03
10/17/2023,$10.17,887806,$10.27,$10.27,$10.11
10/16/2023,$10.36,1113949,$10.26,$10.37,$10.26
10/13/2023,$10.22,398390,$10.27,$10.31,$10.20
10/12/2023,$10.48,608586,$10.50,$10.57,$10.465
10/11/2023,$10.51,368324,$10.52,$10.64,$10.48
10/10/2023,$10.55,737410,$10.50,$10.62,$10.50
10/09/2023,$10.50,453192,$10.38,$10.52,$10.38
10/06/2023,$10.47,963002,$10.39,$10.50,$10.36
10/05/2023,$10.385,865593,$10.34,$10.43,$10.32
10/04/2023,$10.22,670624,$10.19,$10.25,$10.16
10/03/2023,$10.18,564184,$10.14,$10.24,$10.14
10/02/2023,$10.12,750862,$10.20,$10.30,$10.09
09/29/2023,$10.35,483477,$10.47,$10.475,$10.34
09/28/2023,$10.27,1094241,$10.28,$10.40,$10.20
09/27/2023,$10.36,811317,$10.35,$10.42,$10.31
09/26/2023,$10.40,894291,$10.38,$10.44,$10.35
09/25/2023,$10.41,726518,$10.32,$10.417,$10.32
09/22/2023,$10.37,558589,$10.35,$10.40,$10.35
09/21/2023,$10.33,1075468,$10.40,$10.48,$10.31
09/20/2023,$10.50,2137689,$10.62,$10.63,$10.50
09/19/2023,$10.84,1452745,$10.85,$10.925,$10.84
09/18/2023,$10.64,502404,$10.50,$10.64,$10.50
09/15/2023,$10.62,1022065,$10.70,$10.72,$10.61
09/14/2023,$10.82,601395,$10.78,$10.86,$10.71
09/13/2023,$10.67,439926,$10.57,$10.72,$10.57
09/12/2023,$10.82,1320422,$10.72,$10.89,$10.72
09/11/2023,$10.92,867819,$10.88,$10.94,$10.76
09/08/2023,$10.80,1762977,$10.73,$10.84,$10.62
09/07/2023,$10.73,1441264,$10.70,$10.80,$10.70
09/06/2023,$10.65,771144,$10.60,$10.71,$10.60
09/05/2023,$10.63,552476,$10.68,$10.80,$10.57
09/01/2023,$10.68,488120,$10.755,$10.755,$10.62
08/31/2023,$10.67,480495,$10.76,$10.84,$10.62
08/30/2023,$10.60,528531,$10.50,$10.67,$10.50
08/29/2023,$10.58,478568,$10.51,$10.59,$10.45
08/28/2023,$10.50,545416,$10.55,$10.63,$10.47
08/25/2023,$10.40,268320,$10.35,$10.42,$10.30
08/24/2023,$10.36,449833,$10.45,$10.52,$10.36
08/23/2023,$10.61,633099,$10.51,$10.64,$10.51
08/22/2023,$10.43,454491,$10.51,$10.57,$10.429
08/21/2023,$10.50,498813,$10.43,$10.50,$10.43
08/18/2023,$10.47,660312,$10.52,$10.53,$10.41
08/17/2023,$10.47,912731,$10.54,$10.66,$10.46
08/16/2023,$10.72,539229,$10.74,$10.85,$10.71
08/15/2023,$10.65,454592,$10.70,$10.88,$10.65
08/14/2023,$10.73,751147,$10.69,$10.85,$10.69
08/11/2023,$10.70,273295,$10.73,$10.85,$10.69
08/10/2023,$10.73,669343,$10.81,$10.86,$10.71
08/09/2023,$10.60,1404589,$10.70,$10.75,$10.57
08/08/2023,$10.72,2487260,$10.73,$10.75,$10.64
08/07/2023,$10.88,1504191,$10.90,$10.92,$10.85
08/04/2023,$10.77,1736149,$10.82,$10.88,$10.76
08/03/2023,$11.16,2568579,$11.45,$11.51,$11.14
08/02/2023,$10.91,984256,$11.00,$11.03,$10.91
08/01/2023,$11.12,747886,$11.13,$11.19,$11.10
07/31/2023,$11.28,1278273,$11.35,$11.45,$11.21
07/28/2023,$11.30,699959,$11.29,$11.45,$11.28
07/27/2023,$11.21,1005650,$11.23,$11.41,$11.20
07/26/2023,$11.13,642563,$11.07,$11.17,$11.03
07/25/2023,$11.22,1135911,$11.25,$11.285,$11.196
07/24/2023,$11.47,761871,$11.47,$11.51,$11.46
07/21/2023,$11.38,372753,$11.38,$11.449,$11.35
07/20/2023,$11.40,464458,$11.54,$11.54,$11.37
07/19/2023,$11.45,755836,$11.452,$11.55,$11.45
07/18/2023,$11.525,2382148,$11.40,$11.55,$11.36
07/17/2023,$11.40,956680,$11.38,$11.42,$11.26
07/14/2023,$11.38,809003,$11.63,$11.63,$11.35
07/13/2023,$11.60,686403,$11.55,$11.65,$11.55
07/12/2023,$11.335,557921,$11.27,$11.46,$11.27
07/11/2023,$11.22,3482864,$11.10,$11.23,$11.04
07/10/2023,$11.12,301098,$11.15,$11.16,$11.04
07/07/2023,$11.13,513738,$10.99,$11.22,$10.99
07/06/2023,$10.97,824346,$11.00,$11.01,$10.91
07/05/2023,$11.14,491686,$11.25,$11.33,$11.12
07/03/2023,$11.33,398041,$11.30,$11.38,$11.28
06/30/2023,$11.38,2438769,$11.30,$11.44,$11.30
06/29/2023,$11.33,954432,$11.31,$11.36,$11.30
06/28/2023,$11.31,1692853,$11.22,$11.37,$11.20
06/27/2023,$11.15,1329611,$11.105,$11.19,$11.09
06/26/2023,$10.91,829602,$10.905,$10.93,$10.87
06/23/2023,$10.74,581143,$10.83,$10.83,$10.71
06/22/2023,$11.06,1094914,$11.065,$11.13,$11.00
06/21/2023,$10.91,1128229,$10.94,$10.94,$10.84
06/20/2023,$10.94,651919,$10.97,$10.99,$10.88
06/16/2023,$10.97,1072829,$11.09,$11.11,$10.96
06/15/2023,$11.07,543802,$10.97,$11.08,$10.93
06/14/2023,$10.97,815643,$11.09,$11.09,$10.90
06/13/2023,$11.12,1219384,$11.10,$11.14,$11.08
06/12/2023,$11.00,1156350,$10.95,$11.99,$10.95
06/09/2023,$10.95,1430961,$10.965,$11.04,$10.94
06/08/2023,$10.80,694418,$10.69,$10.81,$10.65
06/07/2023,$10.7335,609451,$10.77,$10.87,$10.72
06/06/2023,$10.88,1033902,$10.92,$10.94,$10.87
06/05/2023,$10.77,857042,$10.87,$10.87,$10.75
06/02/2023,$10.84,762554,$10.88,$10.93,$10.84
06/01/2023,$10.71,1622132,$10.66,$10.75,$10.65
05/31/2023,$10.57,1481904,$10.50,$10.61,$10.47
05/30/2023,$10.63,1164562,$10.68,$10.76,$10.60
05/26/2023,$10.68,478814,$10.551,$10.72,$10.55
05/25/2023,$10.52,1258779,$10.50,$10.60,$10.50
05/24/2023,$10.57,812715,$10.62,$10.62,$10.56
05/23/2023,$10.67,853602,$10.85,$10.85,$10.67
05/22/2023,$10.87,1288716,$10.93,$10.97,$10.87
05/19/2023,$10.84,1733221,$10.83,$10.86,$10.76
05/18/2023,$10.97,1832407,$10.97,$11.00,$10.94
05/17/2023,$10.94,2626708,$10.85,$10.96,$10.80
05/16/2023,$10.71,2298261,$10.72,$10.75,$10.69
05/15/2023,$10.72,6394625,$10.71,$10.76,$10.64
05/12/2023,$10.68,3234204,$10.68,$10.75,$10.63
05/11/2023,$10.47,4934816,$10.30,$10.49,$10.30
05/10/2023,$10.51,1529225,$10.65,$10.65,$10.4595
05/09/2023,$10.73,2617938,$10.275,$10.85,$10.2145
05/08/2023,$10.66,937620,$10.63,$10.66,$10.56
05/05/2023,$10.56,1172985,$10.49,$10.60,$10.47
05/04/2023,$10.47,986724,$10.43,$10.52,$10.43
05/03/2023,$10.43,1012032,$10.35,$10.466,$10.27
05/02/2023,$10.32,713645,$10.28,$10.33,$10.25
05/01/2023,$10.35,1221855,$10.43,$10.45,$10.3101
04/28/2023,$10.56,975346,$10.59,$10.61,$10.49
04/27/2023,$10.58,771575,$10.50,$10.59,$10.45
04/26/2023,$10.42,631887,$10.45,$10.59,$10.41
04/25/2023,$10.47,1281830,$10.43,$10.59,$10.43
04/24/2023,$10.43,886771,$10.32,$10.46,$10.32
04/21/2023,$10.34,1173984,$10.22,$10.34,$10.22
04/20/2023,$10.19,821866,$10.32,$10.33,$10.14
04/19/2023,$10.18,1572459,$10.30,$10.30,$10.15
04/18/2023,$10.30,912032,$10.34,$10.39,$10.28
04/17/2023,$10.17,1505948,$10.10,$10.19,$10.09
04/14/2023,$10.22,725892,$10.45,$10.45,$10.17
04/13/2023,$10.20,1521991,$10.21,$10.24,$10.08
04/12/2023,$10.21,819566,$10.20,$10.26,$10.17
04/11/2023,$10.10,1607861,$10.17,$10.17,$10.09
04/10/2023,$10.27,2487115,$10.16,$10.29,$10.11
04/06/2023,$10.00,1273722,$9.90,$10.05,$9.90
04/05/2023,$9.94,1244434,$9.985,$10.05,$9.90
04/04/2023,$10.18,1415778,$10.15,$10.24,$10.13
04/03/2023,$9.74,956250,$9.65,$9.75,$9.61
03/31/2023,$9.69,981414,$9.70,$9.72,$9.60
03/30/2023,$9.63,1276899,$9.68,$9.68,$9.55
03/29/2023,$9.77,1031282,$9.65,$9.825,$9.65
03/28/2023,$9.61,707839,$9.70,$9.70,$9.55
03/27/2023,$9.65,605354,$9.72,$9.74,$9.60
03/24/2023,$9.60,676788,$9.77,$9.77,$9.57
03/23/2023,$9.638,597308,$9.66,$9.67,$9.59
03/22/2023,$9.50,765619,$9.56,$9.615,$9.50
03/21/2023,$9.56,498059,$9.515,$9.61,$9.42
03/20/2023,$9.55,442632,$9.61,$9.61,$9.51
03/17/2023,$9.60,589118,$9.645,$9.69,$9.57
03/16/2023,$9.52,1375809,$9.47,$9.54,$9.42
03/15/2023,$9.40,613708,$9.475,$9.48,$9.34
03/14/2023,$9.4525,812738,$9.50,$9.50,$9.38
03/13/2023,$9.46,843103,$9.44,$9.51,$9.44
03/10/2023,$9.45,1018115,$9.41,$9.51,$9.38
03/09/2023,$9.41,885482,$9.54,$9.54,$9.4001
03/08/2023,$9.40,854041,$9.43,$9.48,$9.36
03/07/2023,$9.35,1080422,$9.46,$9.55,$9.33
03/06/2023,$9.40,965537,$9.56,$9.58,$9.40
03/03/2023,$9.53,864928,$9.39,$9.55,$9.39
03/02/2023,$9.37,1247783,$9.35,$9.39,$9.26
03/01/2023,$9.31,1700682,$9.37,$9.41,$9.30
02/28/2023,$9.33,1649882,$9.38,$9.39,$9.30
02/27/2023,$9.43,1878905,$9.56,$9.60,$9.42
02/24/2023,$9.59,1028062,$9.64,$9.66,$9.55
02/23/2023,$9.91,1165582,$10.095,$10.10,$9.82
02/22/2023,$9.85,887048,$9.90,$9.98,$9.83
02/21/2023,$10.006,989502,$9.99,$10.01,$9.91
02/17/2023,$10.16,454370,$10.175,$10.24,$10.05
02/16/2023,$10.16,603141,$10.13,$10.20,$10.06
02/15/2023,$9.97,609806,$9.96,$10.15,$9.89
02/14/2023,$9.96,1716128,$10.135,$10.30,$9.90
02/13/2023,$9.93,1199412,$9.84,$9.93,$9.82
02/10/2023,$10.07,922515,$10.18,$10.19,$10.03
02/09/2023,$9.99,1454553,$10.15,$10.15,$9.97
02/08/2023,$9.91,2819349,$9.90,$9.96,$9.81
02/07/2023,$10.18,2820993,$10.13,$10.21,$10.03
02/06/2023,$10.58,790244,$10.73,$10.73,$10.55
02/03/2023,$10.75,713582,$10.73,$10.83,$10.68
02/02/2023,$10.79,944057,$10.88,$10.91,$10.70
02/01/2023,$10.82,416352,$10.69,$10.83,$10.66
01/31/2023,$10.77,629885,$10.80,$10.86,$10.74
01/30/2023,$10.73,992208,$10.80,$10.82,$10.65
01/27/2023,$10.85,636406,$10.85,$10.87,$10.80
01/26/2023,$10.83,676764,$10.81,$10.85,$10.75
01/25/2023,$10.70,1061281,$10.66,$10.74,$10.60
01/24/2023,$10.63,660409,$10.55,$10.67,$10.55
01/23/2023,$10.66,1130159,$10.625,$10.70,$10.57
01/20/2023,$10.74,900684,$10.66,$10.75,$10.56
01/19/2023,$10.74,859856,$10.75,$10.79,$10.63
01/18/2023,$10.76,609766,$10.80,$10.92,$10.75
01/17/2023,$10.76,2213143,$10.63,$10.78,$10.61
01/13/2023,$10.45,1097595,$10.36,$10.49,$10.33
01/12/2023,$10.39,1315669,$10.46,$10.46,$10.25
01/11/2023,$10.24,1072074,$10.26,$10.50,$10.20
01/10/2023,$10.35,849754,$10.405,$10.405,$10.27
01/09/2023,$10.46,1464312,$10.50,$10.68,$10.4425
01/06/2023,$10.42,1571910,$10.21,$10.46,$10.20
01/05/2023,$10.30,885863,$10.40,$10.40,$10.26
01/04/2023,$10.37,519628,$10.647,$10.65,$10.34
01/03/2023,$10.50,1061181,$10.42,$10.75,$10.30
12/30/2022,$10.42,862856,$10.40,$10.45,$10.30
12/29/2022,$10.53,684278,$10.50,$10.56,$10.50
12/28/2022,$10.37,935630,$10.48,$10.58,$10.37
12/27/2022,$10.41,850935,$10.52,$10.60,$10.40
12/23/2022,$10.52,801467,$10.50,$10.55,$10.45
12/22/2022,$10.49,982893,$10.68,$10.68,$10.42
12/21/2022,$10.44,677703,$10.54,$10.57,$10.34
12/20/2022,$10.42,1084417,$10.32,$10.46,$10.31
12/19/2022,$10.145,1411713,$10.27,$10.27,$10.13
12/16/2022,$10.14,2901110,$10.13,$10.19,$10.00
12/15/2022,$10.24,962943,$10.46,$10.46,$10.18
12/14/2022,$10.49,1141796,$10.56,$10.59,$10.42
12/13/2022,$10.39,789833,$10.58,$10.64,$10.39
12/12/2022,$10.34,1248927,$10.38,$10.44,$10.29
12/09/2022,$10.39,668157,$10.45,$10.46,$10.35
12/08/2022,$10.44,966627,$10.44,$10.53,$10.38
12/07/2022,$10.51,913909,$10.37,$10.52,$10.35
12/06/2022,$10.43,868827,$10.41,$10.5189,$10.39
12/05/2022,$10.34,1147208,$10.42,$10.55,$10.31
12/02/2022,$10.56,788637,$10.55,$10.62,$10.50
12/01/2022,$10.58,795176,$10.56,$10.70,$10.56
11/30/2022,$10.73,663683,$10.625,$10.85,$10.40
11/29/2022,$10.59,830517,$10.50,$10.61,$10.50
11/28/2022,$10.54,865978,$10.69,$10.69,$10.51
11/25/2022,$10.63,352771,$10.56,$10.68,$10.5401
11/23/2022,$10.63,869730,$10.40,$10.6625,$10.40
11/22/2022,$10.50,703850,$10.37,$10.50,$10.37
11/21/2022,$10.37,941012,$10.30,$10.52,$10.20
11/18/2022,$10.51,821748,$10.57,$10.60,$10.47
11/17/2022,$10.43,1008946,$10.40,$10.44,$10.27
11/16/2022,$10.33,400585,$10.33,$10.40,$10.27
11/15/2022,$10.27,803026,$10.34,$10.45,$10.27
11/14/2022,$10.14,3173933,$10.00,$10.24,$10.00
11/11/2022,$10.32,948973,$10.08,$10.33,$10.08
11/10/2022,$10.26,3054555,$9.99,$10.28,$9.99
11/09/2022,$9.81,1258850,$10.00,$10.00,$9.76
11/08/2022,$9.99,2754496,$10.30,$10.30,$9.89
11/07/2022,$10.44,1083930,$10.46,$10.48,$10.39
11/04/2022,$10.18,837953,$10.105,$10.24,$10.05
11/03/2022,$10.10,840643,$10.105,$10.35,$9.86
11/02/2022,$10.17,638609,$10.11,$10.50,$10.01
11/01/2022,$10.15,1056178,$10.21,$10.34,$10.12
10/31/2022,$10.12,891638,$10.10,$10.39,$10.10
10/28/2022,$10.07,984470,$9.91,$10.15,$9.90
10/27/2022,$10.075,689858,$10.15,$10.245,$10.05
10/26/2022,$10.29,610917,$10.10,$10.35,$10.10
10/25/2022,$10.10,1240609,$9.77,$10.14,$9.77
10/24/2022,$10.01,880304,$10.20,$10.2501,$9.99
10/21/2022,$10.18,570019,$10.05,$10.265,$9.79
10/20/2022,$10.05,587906,$10.01,$10.40,$10.01
10/19/2022,$9.99,601752,$10.12,$10.2399,$9.96
10/18/2022,$10.20,1233757,$10.25,$10.30,$10.10
10/17/2022,$10.25,1150678,$10.25,$10.40,$10.22
10/14/2022,$10.24,1334885,$10.38,$10.40,$10.14
10/13/2022,$10.3103,1520263,$10.00,$10.34,$10.00
10/12/2022,$10.17,915293,$10.055,$10.22,$10.01
10/11/2022,$10.1401,1754018,$10.15,$10.50,$10.11
10/10/2022,$10.20,548462,$10.27,$10.305,$10.17
10/07/2022,$10.27,783023,$10.37,$10.62,$10.16
10/06/2022,$10.34,564016,$10.50,$10.59,$10.10
10/05/2022,$10.39,1939447,$10.39,$10.62,$10.21
10/04/2022,$10.74,1336501,$10.425,$10.90,$10.32
10/03/2022,$10.02,2915480,$9.87,$10.104,$9.84
09/30/2022,$10.194,2238555,$10.00,$10.236,$9.952
09/29/2022,$10.298,2229500,$10.30,$10.60,$10.00
09/28/2022,$2.148,1206810,$2.085,$2.18,$2.064
09/27/2022,$10.394,2430295,$10.32,$10.506,$10.32
09/26/2022,$10.304,1081360,$10.348,$10.438,$10.274
09/23/2022,$10.52,2296115,$10.575,$10.66,$10.446
09/22/2022,$10.74,1455245,$10.80,$10.906,$10.702
09/21/2022,$10.57,966015,$10.472,$10.676,$10.472
09/20/2022,$10.67,2030755,$10.89,$10.89,$10.622
09/19/2022,$10.69,989165,$10.508,$10.692,$10.508
09/16/2022,$10.666,768950,$10.50,$10.69,$10.50
09/15/2022,$10.838,1219305,$10.704,$10.898,$10.704
09/14/2022,$10.8079,1847160,$10.6649,$10.808,$10.6649
09/13/2022,$10.612,2791900,$10.82,$10.898,$10.61
09/12/2022,$10.36,2204185,$10.36,$10.46,$10.312
09/09/2022,$10.22,1662970,$10.396,$10.396,$10.168
09/08/2022,$10.12,1308510,$10.3529,$10.3529,$10.046
09/07/2022,$10.04,3389470,$10.04,$10.06,$9.952
09/06/2022,$10.03,3779775,$10.068,$10.20,$10.006
09/02/2022,$10.06,900030,$10.17,$10.20,$10.054
09/01/2022,$10.17,872655,$10.20,$10.224,$10.14
08/31/2022,$10.22,608080,$10.375,$10.40,$10.202
08/30/2022,$10.286,1007200,$10.398,$10.398,$10.252
08/29/2022,$10.35,1350530,$10.40,$10.4247,$10.346
08/26/2022,$10.44,2527550,$10.402,$10.6522,$10.402
08/25/2022,$10.648,922180,$10.724,$10.724,$10.564
08/24/2022,$10.588,727770,$10.75,$10.76,$10.55
08/23/2022,$10.862,1010025,$10.976,$10.98,$10.644
08/22/2022,$10.856,1068755,$10.92,$10.954,$10.85
08/19/2022,$10.93,1120555,$11.154,$11.154,$10.853
08/18/2022,$11.222,1823205,$11.164,$11.25,$11.156
08/17/2022,$11.008,1939070,$11.072,$11.144,$10.974
08/16/2022,$10.876,725870,$10.956,$10.956,$10.822
08/15/2022,$10.836,1330200,$10.996,$10.996,$10.748
08/12/2022,$10.788,972005,$10.56,$10.86,$10.56
08/11/2022,$10.788,828820,$10.708,$10.8585,$10.708
08/10/2022,$10.77,892610,$10.466,$10.828,$10.466
08/09/2022,$10.52,798985,$10.444,$10.638,$10.444
08/08/2022,$10.648,796840,$10.70,$10.74,$10.5616
08/05/2022,$10.812,1468215,$11.10,$11.10,$10.764
08/04/2022,$10.724,973990,$10.598,$10.724,$10.516
08/03/2022,$10.45,4409090,$10.538,$10.538,$10.20
08/02/2022,$10.906,858435,$11.20,$11.20,$10.888
08/01/2022,$11.17,611020,$11.002,$11.1811,$11.00
07/29/2022,$11.20,888265,$11.0541,$11.26,$11.0541
07/28/2022,$11.162,547765,$11.20,$11.20,$11.069
07/27/2022,$11.056,477925,$10.80,$11.15,$10.80
07/26/2022,$10.89,1685475,$11.096,$11.096,$10.89
07/25/2022,$11.136,1216305,$11.24,$11.24,$11.084
07/22/2022,$11.232,719370,$11.25,$11.3345,$11.21
07/21/2022,$11.20,804955,$11.24,$11.24,$11.12
07/20/2022,$11.212,1005870,$11.10,$11.346,$11.10
07/19/2022,$11.056,775250,$11.198,$11.198,$10.986
07/18/2022,$11.27,1775585,$11.20,$11.342,$11.181
07/15/2022,$11.238,2085055,$10.906,$11.248,$10.906
07/14/2022,$10.856,508945,$10.92,$10.92,$10.722
07/13/2022,$10.94,832285,$10.70,$10.94,$10.70
07/12/2022,$10.882,479225,$10.70,$10.948,$10.70
07/11/2022,$10.712,1149780,$10.723,$10.758,$10.708
07/08/2022,$10.70,663640,$10.43,$10.796,$10.43
07/07/2022,$10.814,1843680,$10.694,$10.818,$10.694
07/06/2022,$10.808,1171055,$11.04,$11.04,$10.784
07/05/2022,$10.812,892920,$10.68,$10.896,$10.668
07/01/2022,$10.642,1376135,$10.69,$10.69,$10.442
06/30/2022,$10.764,1001485,$10.56,$10.812,$10.56
06/29/2022,$10.798,701490,$10.96,$10.96,$10.64
06/28/2022,$10.83,975505,$10.852,$10.936,$10.804
06/27/2022,$10.774,1393380,$10.814,$10.814,$10.74
06/24/2022,$10.83,1094470,$10.896,$10.896,$10.672
06/23/2022,$10.644,1357985,$10.45,$10.66,$10.438
06/22/2022,$10.56,1089025,$10.474,$10.674,$10.474
06/21/2022,$10.604,1107055,$10.798,$10.798,$10.444
06/17/2022,$10.43,1195395,$10.498,$10.498,$10.382
06/16/2022,$10.456,1296945,$10.394,$10.516,$10.388
06/15/2022,$10.55,1304780,$10.40,$10.60,$10.40
06/14/2022,$10.582,2951815,$10.65,$10.80,$10.494
06/13/2022,$10.59,1651380,$10.76,$10.76,$10.59
06/10/2022,$10.822,1590880,$11.00,$11.01,$10.80
06/09/2022,$11.05,1226330,$11.178,$11.184,$11.018
06/08/2022,$10.928,910295,$10.846,$11.062,$10.846
06/07/2022,$11.024,1702515,$10.868,$11.084,$10.868
06/06/2022,$11.044,1456555,$11.00,$11.18,$10.958
06/03/2022,$10.884,1652905,$10.84,$11.032,$10.84
06/02/2022,$11.112,2179755,$11.012,$11.124,$11.012
06/01/2022,$11.142,1940555,$11.216,$11.328,$11.142
05/31/2022,$11.12,1201240,$11.272,$11.272,$11.10
05/27/2022,$11.218,901245,$11.1302,$11.242,$11.1302
05/26/2022,$11.36,832285,$11.24,$11.40,$11.24
05/25/2022,$11.292,1160705,$11.106,$11.31,$11.106
05/24/2022,$11.68,3345885,$11.674,$11.774,$11.608
05/23/2022,$11.674,1604020,$11.578,$11.774,$11.578
05/20/2022,$11.526,1709530,$11.648,$11.648,$11.42
05/19/2022,$11.52,2281305,$11.396,$11.63,$11.396
05/18/2022,$11.384,2150165,$11.502,$11.594,$11.326
05/17/2022,$11.112,1844565,$11.00,$11.222,$11.00
05/16/2022,$10.914,1339995,$10.78,$11.006,$10.78
05/13/2022,$11.114,1243740,$11.056,$11.134,$11.056
05/12/2022,$11.12,1671740,$10.902,$11.224,$10.902
05/11/2022,$10.98,3612780,$11.066,$11.26,$10.98
05/10/2022,$10.84,5844465,$11.082,$11.35,$10.488
05/09/2022,$10.632,2534970,$10.576,$10.80,$10.576
05/06/2022,$10.998,2323360,$10.95,$11.088,$10.88
05/05/2022,$11.08,4297895,$11.42,$11.42,$10.986
05/04/2022,$11.408,1294910,$11.40,$11.416,$11.146
05/03/2022,$11.19,1510110,$11.004,$11.2548,$11.004
05/02/2022,$11.136,2965575,$11.114,$11.36,$11.06
04/29/2022,$11.396,1161660,$11.498,$11.604,$11.388
04/28/2022,$11.50,2369210,$11.80,$11.80,$11.342
04/27/2022,$11.896,969220,$11.97,$11.986,$11.822
04/26/2022,$11.852,1047245,$12.20,$12.20,$11.84
04/25/2022,$12.374,1124760,$11.924,$12.374,$11.924
04/22/2022,$12.262,1477935,$12.322,$12.37,$12.25
04/21/2022,$12.342,1668615,$12.50,$12.645,$12.304
04/20/2022,$12.49,2325380,$12.732,$12.732,$12.446
04/19/2022,$12.654,1214810,$12.56,$12.692,$12.509
04/18/2022,$12.546,1377560,$12.64,$12.64,$12.528
04/14/2022,$12.684,1844540,$12.94,$12.97,$12.672
04/13/2022,$12.90,1173745,$12.82,$12.91,$12.784
04/12/2022,$12.738,1330220,$12.766,$12.843,$12.707
04/11/2022,$12.672,1044120,$12.738,$12.758,$12.672
04/08/2022,$12.844,1178265,$12.848,$12.864,$12.654
04/07/2022,$12.776,1285030,$12.78,$12.908,$12.759
04/06/2022,$12.774,1187690,$12.70,$12.798,$12.70
04/05/2022,$12.668,1480935,$12.98,$12.98,$12.66
04/04/2022,$13.07,1012890,$13.00,$13.136,$12.968
04/01/2022,$12.968,1420220,$12.88,$12.998,$12.88
03/31/2022,$12.582,737600,$12.78,$12.78,$12.44
03/30/2022,$12.838,5020130,$12.806,$12.986,$12.80
03/29/2022,$13.52,6820400,$13.54,$13.65,$13.304
03/28/2022,$13.432,2193695,$13.204,$13.442,$13.204
03/25/2022,$13.422,1957650,$13.428,$13.60,$13.379
03/24/2022,$13.244,879300,$13.242,$13.272,$13.212
03/23/2022,$13.144,1453740,$13.00,$13.19,$13.00
03/22/2022,$12.92,645295,$12.82,$12.924,$12.82
03/21/2022,$12.856,1330755,$12.70,$12.918,$12.70
03/18/2022,$12.912,1568840,$12.812,$12.916,$12.756
03/17/2022,$12.858,800310,$12.962,$12.962,$12.68
03/16/2022,$12.756,1538000,$12.68,$12.90,$12.624
03/15/2022,$12.24,1885715,$12.24,$12.278,$12.161
03/14/2022,$12.254,1089810,$12.278,$12.42,$12.24
03/11/2022,$12.496,499145,$12.538,$12.649,$12.466
03/10/2022,$12.504,647500,$12.43,$12.65,$12.43
03/09/2022,$12.62,1913030,$12.75,$12.75,$12.468
03/08/2022,$12.144,1648845,$12.068,$12.338,$11.988
03/07/2022,$12.316,1511160,$12.42,$12.558,$12.248
03/04/2022,$12.67,2577030,$12.70,$12.916,$12.608
03/03/2022,$12.718,1130910,$12.744,$12.988,$12.70
03/02/2022,$12.662,1266765,$12.614,$12.665,$12.596
03/01/2022,$12.552,1903010,$12.594,$12.634,$12.538
02/28/2022,$12.714,2182585,$12.58,$12.7189,$12.578
02/25/2022,$12.438,1568695,$12.372,$12.438,$12.322
02/24/2022,$12.47,1925345,$12.184,$12.474,$12.17
02/23/2022,$12.524,1111700,$12.70,$12.70,$12.454
02/22/2022,$12.62,1422175,$12.718,$12.718,$12.54
02/18/2022,$12.776,1261375,$12.71,$12.896,$12.71
02/17/2022,$12.65,830300,$12.72,$12.754,$12.612
02/16/2022,$12.71,1481585,$12.802,$12.802,$12.634
02/15/2022,$12.828,2971280,$12.448,$12.87,$12.448
02/14/2022,$12.474,1102405,$12.546,$12.546,$12.372
02/11/2022,$12.398,2505900,$12.35,$12.50,$12.30
02/10/2022,$12.31,2592705,$12.34,$12.45,$12.266
02/09/2022,$12.65,1201190,$12.538,$12.664,$12.444
02/08/2022,$12.532,1297205,$12.602,$12.604,$12.448
02/07/2022,$12.676,791930,$12.722,$12.764,$12.666
02/04/2022,$12.604,972150,$12.456,$12.618,$12.456
02/03/2022,$12.32,3557660,$12.308,$12.578,$12.226
02/02/2022,$12.532,1138870,$12.62,$12.638,$12.516
02/01/2022,$12.39,1189710,$12.286,$12.40,$12.286
01/31/2022,$12.22,2924845,$12.176,$12.284,$12.154
01/28/2022,$12.222,3950780,$12.058,$12.23,$12.00
01/27/2022,$12.238,3588460,$12.22,$12.356,$12.218
01/26/2022,$12.212,3316690,$12.222,$12.35,$12.11
01/25/2022,$11.782,2522135,$11.789,$11.996,$11.5842
01/24/2022,$11.75,3922825,$11.778,$11.778,$11.488
01/21/2022,$11.864,3163465,$11.882,$12.0411,$11.864
01/20/2022,$11.982,3325340,$12.064,$12.128,$11.856
01/19/2022,$11.722,3523020,$11.7858,$11.90,$11.644
01/18/2022,$11.682,3610155,$11.61,$11.692,$11.574
01/14/2022,$11.432,1167200,$11.392,$11.484,$11.392
01/13/2022,$11.44,1445390,$11.584,$11.598,$11.426
01/12/2022,$11.71,690245,$11.73,$11.73,$11.642
01/11/2022,$11.798,1047535,$11.506,$11.856,$11.506
01/10/2022,$11.688,2455405,$11.464,$11.698,$11.44
01/07/2022,$11.62,1454995,$11.60,$11.634,$11.54
01/06/2022,$11.49,1695955,$11.336,$11.592,$11.31
01/05/2022,$11.388,1127700,$11.548,$11.55,$11.362
01/04/2022,$11.66,1286890,$11.76,$11.76,$11.54
01/03/2022,$11.694,1986415,$11.80,$11.98,$11.65
12/31/2021,$11.674,1246825,$11.666,$11.7234,$11.656
12/30/2021,$11.718,1749915,$11.666,$11.742,$11.622
12/29/2021,$11.898,797890,$11.814,$12.00,$11.814
12/28/2021,$11.954,1528150,$11.942,$12.05,$11.934
12/27/2021,$12.26,2470350,$12.00,$12.2746,$12.00
12/23/2021,$12.182,1404025,$12.098,$12.182,$12.098
12/22/2021,$12.022,1356625,$11.898,$12.064,$11.898
12/21/2021,$12.19,2594845,$12.152,$12.232,$12.064
12/20/2021,$11.847,2500355,$11.704,$11.866,$11.702
12/17/2021,$11.642,1989630,$11.716,$11.726,$11.632
12/16/2021,$11.804,1740610,$11.97,$11.996,$11.75
12/15/2021,$11.784,1790930,$11.736,$11.796,$11.602
12/14/2021,$11.635,1917745,$11.64,$11.798,$11.584
12/13/2021,$11.70,1864600,$11.802,$11.838,$11.70
12/10/2021,$11.88,1507530,$11.84,$11.97,$11.82
12/09/2021,$11.73,1447300,$11.85,$11.948,$11.704
12/08/2021,$11.72,1785790,$11.622,$11.744,$11.622
12/07/2021,$11.55,3226910,$11.574,$11.574,$11.176
12/06/2021,$11.193,3014700,$11.17,$11.29,$11.09
12/03/2021,$11.16,2193790,$11.218,$11.218,$11.032
12/02/2021,$11.40,1998710,$11.362,$11.436,$11.362
12/01/2021,$11.066,1646470,$11.20,$11.324,$11.056
11/30/2021,$11.016,2315885,$11.188,$11.188,$10.954
11/29/2021,$11.342,2568505,$11.376,$11.376,$11.216
11/26/2021,$10.854,734305,$10.914,$10.95,$10.84
11/24/2021,$10.96,1314880,$10.96,$10.96,$10.884
11/23/2021,$11.018,2130825,$11.21,$11.318,$10.97
11/22/2021,$11.11,1884475,$11.33,$11.33,$11.102
11/19/2021,$11.366,1230550,$11.382,$11.414,$11.304
11/18/2021,$11.304,2088095,$11.284,$11.342,$11.25
11/17/2021,$11.062,1601800,$11.04,$11.10,$11.002
11/16/2021,$11.19,3669045,$11.10,$11.294,$11.10
11/15/2021,$10.99,1554560,$11.084,$11.0958,$10.978
11/12/2021,$11.072,1274845,$10.984,$11.088,$10.984
11/11/2021,$11.00,1463735,$10.952,$11.00,$10.932
11/10/2021,$10.862,1676345,$10.924,$11.064,$10.846
11/09/2021,$10.92,1236590,$10.944,$10.99,$10.91
11/08/2021,$10.94,1513365,$10.81,$11.042,$10.802
11/05/2021,$11.07,2408230,$10.90,$11.142,$10.90
11/04/2021,$10.72,1909260,$10.746,$10.784,$10.61
11/03/2021,$10.719,1799550,$10.90,$10.928,$10.59
11/02/2021,$10.714,2390285,$10.64,$10.86,$10.64
11/01/2021,$11.108,1227660,$11.144,$11.144,$11.006
10/29/2021,$11.05,1142845,$11.008,$11.05,$10.986
10/28/2021,$10.934,1285860,$10.802,$10.942,$10.80
10/27/2021,$10.678,1017095,$10.776,$10.776,$10.678
10/26/2021,$10.73,1531165,$10.738,$10.924,$10.71
10/25/2021,$10.83,1279090,$10.82,$10.86,$10.724
10/22/2021,$10.972,1028170,$10.948,$11.06,$10.938
10/21/2021,$10.938,5371030,$11.058,$11.066,$10.8819
10/20/2021,$10.946,3150790,$10.998,$11.00,$10.93
10/19/2021,$11.21,2145495,$11.308,$11.308,$11.152
10/18/2021,$11.24,3041670,$11.214,$11.274,$11.188
10/15/2021,$11.258,2115170,$11.264,$11.31,$11.24
10/14/2021,$11.394,1112355,$11.498,$11.498,$11.324
10/13/2021,$11.29,556045,$11.308,$11.308,$11.22
10/12/2021,$11.31,1250350,$11.35,$11.37,$11.236
10/11/2021,$11.283,1148435,$11.336,$11.36,$11.192
10/08/2021,$11.272,877790,$11.35,$11.362,$11.24
10/07/2021,$11.33,1367985,$11.292,$11.38,$11.264
10/06/2021,$11.156,1658180,$11.084,$11.18,$11.026
10/05/2021,$10.92,3418860,$10.966,$11.00,$10.882
10/04/2021,$10.94,3313660,$11.152,$11.152,$10.90
10/01/2021,$11.26,7871135,$10.956,$11.374,$10.956
09/30/2021,$11.85,5248270,$12.05,$12.088,$11.76
09/29/2021,$11.802,3394070,$11.89,$11.984,$11.80
09/28/2021,$11.634,3580975,$12.076,$12.076,$11.61
09/27/2021,$12.148,967235,$12.25,$12.258,$12.084
09/24/2021,$12.152,1412210,$12.264,$12.264,$12.056
09/23/2021,$12.28,1792400,$12.328,$12.328,$12.13
09/22/2021,$12.124,3606170,$12.168,$12.264,$12.122
09/21/2021,$12.05,2301200,$12.15,$12.15,$12.04
09/20/2021,$11.99,2430755,$11.97,$12.122,$11.918
09/17/2021,$12.14,3217340,$12.15,$12.15,$12.00
09/16/2021,$12.004,1979190,$12.156,$12.156,$11.926
09/15/2021,$12.238,4769215,$12.488,$12.488,$12.16
09/14/2021,$12.252,3278950,$12.40,$12.40,$12.25
09/13/2021,$12.53,2635890,$12.554,$12.574,$12.482
09/10/2021,$12.434,2462010,$12.60,$12.676,$12.40
09/09/2021,$12.31,3337670,$12.26,$12.458,$12.26
09/08/2021,$12.31,2084930,$12.498,$12.498,$12.31
09/07/2021,$12.60,2287865,$12.684,$12.75,$12.52
09/03/2021,$12.38,3380435,$12.494,$12.496,$12.24
09/02/2021,$12.388,2690955,$12.39,$12.556,$12.364
09/01/2021,$12.222,3558030,$12.108,$12.344,$12.108
08/31/2021,$12.016,2424070,$11.952,$12.082,$11.952
08/30/2021,$11.91,1338515,$11.802,$11.99,$11.802
08/27/2021,$11.79,3375565,$11.918,$11.918,$11.68
08/26/2021,$11.856,1264120,$11.93,$11.95,$11.85
08/25/2021,$12.044,1820385,$12.078,$12.078,$11.954
08/24/2021,$12.104,1828245,$12.18,$12.18,$12.10
08/23/2021,$12.07,2567715,$12.004,$12.10,$11.96
08/20/2021,$12.076,2760580,$12.02,$12.076,$11.934
08/19/2021,$11.81,1858435,$11.566,$11.844,$11.566
08/18/2021,$11.8062,2255650,$12.03,$12.03,$11.804
08/17/2021,$11.834,2785635,$11.904,$11.904,$11.758
08/16/2021,$11.87,4859540,$11.844,$11.878,$11.77
08/13/2021,$11.886,2257270,$11.82,$11.968,$11.82
08/12/2021,$11.80,3636830,$11.78,$11.90,$11.71
08/11/2021,$11.838,3232265,$11.82,$11.96,$11.788
08/10/2021,$11.3699,5255990,$11.50,$11.50,$11.344
08/09/2021,$11.826,2437115,$11.908,$11.908,$11.784
08/06/2021,$11.824,6412480,$11.942,$12.02,$11.822
08/05/2021,$12.534,3837345,$12.72,$12.73,$12.332
08/04/2021,$12.762,1871795,$12.854,$12.88,$12.606
08/03/2021,$12.968,1878545,$12.892,$13.05,$12.892
08/02/2021,$13.018,1819885,$13.024,$13.098,$12.984
07/30/2021,$12.85,2511710,$12.90,$12.922,$12.802
07/29/2021,$13.312,2437500,$13.4496,$13.45,$13.302
07/28/2021,$13.57,2081025,$13.45,$13.57,$13.402
07/27/2021,$13.578,2050515,$13.64,$13.784,$13.46
07/26/2021,$13.598,2867670,$13.60,$13.666,$13.53
07/23/2021,$13.726,3072245,$13.685,$13.798,$13.664
07/22/2021,$13.678,2454865,$13.84,$13.84,$13.664
07/21/2021,$13.74,4377870,$13.638,$13.74,$13.51
07/20/2021,$13.71,13522955,$13.748,$13.748,$13.622
07/19/2021,$13.80,5535305,$13.872,$13.994,$13.72
07/16/2021,$14.11,1159355,$14.10,$14.23,$14.10
07/15/2021,$14.23,3065745,$14.424,$14.426,$14.176
07/14/2021,$14.424,1074995,$14.538,$14.538,$14.288
07/13/2021,$14.282,919685,$14.30,$14.378,$14.214
07/12/2021,$14.42,794565,$14.346,$14.502,$14.346
07/09/2021,$14.538,1133280,$14.292,$14.538,$14.292
07/08/2021,$14.25,1136095,$14.521,$14.574,$14.008
07/07/2021,$14.962,2171415,$15.033,$15.09,$14.952
07/06/2021,$15.058,1499295,$15.045,$15.104,$15.002
07/02/2021,$14.692,704725,$14.692,$14.712,$14.5842
07/01/2021,$14.482,812915,$14.452,$14.574,$14.406
06/30/2021,$14.506,1016705,$14.496,$14.608,$14.462
06/29/2021,$14.62,2050990,$14.515,$14.674,$14.498
06/28/2021,$14.716,1795865,$14.557,$14.78,$14.542
06/25/2021,$14.476,1277980,$14.452,$14.554,$14.402
06/24/2021,$14.56,1052365,$14.412,$14.668,$14.412
06/23/2021,$14.402,1012425,$14.40,$14.54,$14.40
06/22/2021,$14.74,1059350,$14.602,$14.774,$14.60
06/21/2021,$14.85,1276325,$14.68,$14.85,$14.66
06/18/2021,$14.718,1398055,$14.836,$14.836,$14.688
06/17/2021,$14.71,2400745,$14.5572,$14.842,$14.49
06/16/2021,$14.282,1597115,$14.45,$14.45,$14.122
06/15/2021,$14.646,1639495,$14.756,$14.80,$14.63
06/14/2021,$14.856,1448165,$14.942,$14.942,$14.80
06/11/2021,$15.41,1077355,$15.35,$15.414,$15.304
06/10/2021,$15.408,1015730,$15.25,$15.428,$15.25
06/09/2021,$15.34,912000,$15.292,$15.55,$15.292
06/08/2021,$15.60,1547170,$15.778,$15.778,$15.534
06/07/2021,$15.726,862890,$15.60,$15.773,$15.60
06/04/2021,$15.558,784230,$15.464,$15.61,$15.298
06/03/2021,$15.26,1557180,$15.256,$15.448,$15.212
06/02/2021,$15.25,1170845,$15.302,$15.384,$15.204
06/01/2021,$15.202,1491755,$15.18,$15.398,$15.036
05/28/2021,$15.464,1155950,$15.384,$15.528,$15.384
05/27/2021,$15.326,1328495,$15.29,$15.35,$15.26
05/26/2021,$15.474,1087565,$15.59,$15.59,$15.404
05/25/2021,$15.29,1570340,$15.30,$15.342,$15.208
05/24/2021,$15.02,2657560,$14.918,$15.04,$14.882
05/21/2021,$14.674,2528065,$14.77,$14.81,$14.58
05/20/2021,$14.386,5358150,$14.256,$14.49,$14.256
05/19/2021,$14.36,1964530,$14.136,$14.36,$14.136
05/18/2021,$14.08,3242375,$14.175,$14.266,$14.06
05/17/2021,$14.264,1740580,$14.204,$14.382,$14.174
05/14/2021,$14.106,1918320,$14.00,$14.25,$14.00
05/13/2021,$13.72,7994750,$13.86,$13.877,$13.572
05/12/2021,$13.904,1682820,$14.108,$14.12,$13.882
05/11/2021,$14.31,5854410,$14.24,$14.352,$14.132
05/10/2021,$14.13,5612475,$14.202,$14.352,$14.09
05/07/2021,$13.798,6181155,$13.8758,$14.10,$13.75
05/06/2021,$14.002,3800040,$13.616,$14.052,$13.616
05/05/2021,$14.46,2181740,$14.30,$14.47,$14.30
05/04/2021,$14.21,2072660,$14.40,$14.486,$14.142
05/03/2021,$14.496,2146150,$14.464,$14.59,$14.40
04/30/2021,$14.378,1515315,$14.15,$14.39,$14.15
04/29/2021,$14.222,975325,$14.632,$14.632,$14.036
04/28/2021,$14.278,942220,$14.176,$14.418,$14.176
04/27/2021,$14.028,1470460,$14.002,$14.208,$14.002
04/26/2021,$14.222,6111545,$14.124,$14.29,$14.12
04/23/2021,$14.49,2999100,$14.68,$14.68,$14.442
04/22/2021,$14.438,1361995,$14.46,$14.548,$14.31
04/21/2021,$14.612,989680,$14.45,$14.628,$14.44
04/20/2021,$14.476,2321490,$14.698,$14.698,$14.432
04/19/2021,$14.604,1950970,$14.652,$14.894,$14.46
04/16/2021,$14.97,1496690,$14.95,$15.046,$14.822
04/15/2021,$14.988,1183455,$14.884,$15.05,$14.884
04/14/2021,$15.016,1107245,$15.058,$15.202,$14.982
04/13/2021,$15.18,1826920,$15.00,$15.20,$14.856
04/12/2021,$14.828,889215,$14.502,$14.83,$14.502
04/09/2021,$14.80,887005,$14.702,$14.87,$14.662
04/08/2021,$14.852,755520,$14.724,$14.99,$14.724
04/07/2021,$14.54,2092760,$14.532,$14.60,$14.48
04/06/2021,$14.572,1469245,$14.614,$14.614,$14.418
04/05/2021,$14.436,1039470,$14.466,$14.466,$14.228
04/01/2021,$14.364,1889165,$14.208,$14.46,$14.208
03/31/2021,$14.16,2849980,$14.136,$14.224,$14.006
03/30/2021,$14.48,1211740,$14.30,$14.536,$14.276
03/29/2021,$14.56,1711750,$14.6002,$14.624,$14.336
03/26/2021,$14.624,1737390,$14.67,$14.70,$14.416
03/25/2021,$14.228,2678110,$14.316,$14.316,$14.12
03/24/2021,$14.402,2526870,$14.57,$14.676,$14.396
03/23/2021,$14.74,2206850,$14.858,$14.858,$14.692
03/22/2021,$14.612,1539210,$14.688,$14.726,$14.414
03/19/2021,$14.416,2694620,$14.234,$14.416,$14.164
03/18/2021,$14.302,1827175,$14.44,$14.466,$14.244
03/17/2021,$14.624,2190795,$14.402,$14.70,$14.286
03/16/2021,$14.652,3274460,$14.67,$14.78,$14.60
03/15/2021,$14.236,2546980,$14.138,$14.248,$14.10
03/12/2021,$13.84,2004205,$13.8516,$13.886,$13.76
03/11/2021,$13.878,3866210,$13.816,$14.136,$13.80
03/10/2021,$13.698,3653070,$13.80,$13.996,$13.688
03/09/2021,$13.82,3492235,$13.72,$13.898,$13.638
03/08/2021,$13.718,5579480,$13.81,$13.88,$13.626
03/05/2021,$14.365,3908885,$14.50,$14.50,$14.002
03/04/2021,$14.024,3851965,$14.2346,$14.2896,$13.862
03/03/2021,$14.577,3116745,$14.74,$14.80,$14.516
03/02/2021,$15.08,2972190,$15.1788,$15.25,$15.062
03/01/2021,$15.478,2972875,$15.374,$15.478,$15.35
02/26/2021,$15.424,3031835,$15.206,$15.58,$15.206
02/25/2021,$15.762,3932350,$15.952,$16.126,$15.72
02/24/2021,$15.79,1986450,$15.568,$15.846,$15.568
02/23/2021,$15.884,2596325,$15.72,$15.894,$15.00
02/22/2021,$15.90,1550090,$16.1106,$16.176,$15.858
02/19/2021,$16.274,1637490,$16.266,$16.30,$16.20
02/18/2021,$16.19,1796420,$16.22,$16.244,$15.992
02/17/2021,$16.25,3536375,$16.296,$16.316,$16.014
02/16/2021,$16.32,3033285,$16.282,$16.40,$16.004
02/12/2021,$15.922,2005645,$15.77,$15.934,$15.77
02/11/2021,$15.462,1646335,$15.422,$15.59,$15.38
02/10/2021,$15.38,2717100,$15.40,$15.438,$15.206
02/09/2021,$14.832,3117875,$14.95,$14.95,$14.774
02/08/2021,$15.10,1826385,$15.20,$15.20,$15.10
02/05/2021,$15.042,1539050,$14.98,$15.15,$14.98
02/04/2021,$14.626,2256015,$14.68,$14.708,$14.542
02/03/2021,$14.80,3885955,$14.984,$14.984,$14.80
02/02/2021,$15.092,8895885,$14.9412,$15.092,$14.856
02/01/2021,$15.48,3334705,$15.21,$15.634,$15.15
01/29/2021,$14.454,2473485,$14.842,$14.842,$14.40
01/28/2021,$14.976,1819490,$14.80,$15.032,$14.756
01/27/2021,$14.856,2362635,$15.1246,$15.17,$14.80
01/26/2021,$15.06,3348985,$15.036,$15.094,$15.018
01/25/2021,$15.20,5881355,$15.2472,$15.254,$15.104
01/22/2021,$15.498,2515555,$15.366,$15.498,$15.272
01/21/2021,$15.238,3630930,$15.162,$15.24,$15.156
01/20/2021,$15.78,1773985,$15.794,$15.80,$15.618
01/19/2021,$15.89,1659140,$15.956,$15.956,$15.75
01/15/2021,$15.75,1855685,$15.90,$15.90,$15.702
01/14/2021,$15.842,1413725,$15.848,$15.914,$15.80
01/13/2021,$15.834,1996745,$15.992,$15.992,$15.80
01/12/2021,$16.062,1507505,$16.098,$16.098,$15.92
01/11/2021,$15.858,1436610,$15.716,$15.976,$15.716
01/08/2021,$16.01,2465040,$15.91,$16.09,$15.804
01/07/2021,$15.802,2363235,$15.805,$15.842,$15.60
01/06/2021,$15.738,1900130,$15.872,$15.872,$15.628
01/05/2021,$16.176,1448330,$15.908,$16.176,$15.908
01/04/2021,$15.74,3369055,$15.96,$16.00,$15.656
12/31/2020,$16.104,975785,$16.212,$16.212,$16.064
12/30/2020,$16.144,1695475,$16.00,$16.474,$15.977
12/29/2020,$15.932,2109850,$15.976,$15.976,$15.762
12/28/2020,$16.05,3834270,$15.90,$16.15,$15.90
12/24/2020,$15.716,824680,$15.632,$15.752,$15.526
12/23/2020,$15.628,1051410,$15.5004,$15.676,$15.402
12/22/2020,$15.53,2146885,$15.542,$15.676,$15.506
12/21/2020,$15.786,2289400,$15.462,$15.832,$15.42
12/18/2020,$16.168,1436380,$16.278,$16.278,$16.12
12/17/2020,$16.43,3685860,$16.31,$16.51,$16.31
12/16/2020,$15.334,1450570,$15.224,$15.398,$15.186
12/15/2020,$14.842,1788450,$15.12,$15.12,$14.816
12/14/2020,$15.05,2588635,$15.14,$15.17,$15.02
12/11/2020,$14.558,1704905,$14.538,$14.582,$14.386
12/10/2020,$14.23,2194015,$14.021,$14.28,$13.912
12/09/2020,$14.021,1370820,$14.358,$14.358,$13.93
12/08/2020,$14.134,1681660,$14.038,$14.138,$14.00
12/07/2020,$13.842,1200300,$14.048,$14.048,$13.628
12/04/2020,$13.68,1725305,$13.67,$13.73,$13.595
12/03/2020,$13.566,1832145,$13.55,$13.60,$13.4113
12/02/2020,$13.676,1205490,$13.756,$13.756,$13.54
12/01/2020,$13.768,2735205,$13.7218,$13.818,$13.684
11/30/2020,$14.19,3502325,$14.532,$14.532,$14.15
11/27/2020,$14.00,1880035,$13.92,$14.10,$13.92
11/25/2020,$13.32,4233570,$13.30,$13.398,$13.19
11/24/2020,$13.164,2837865,$13.256,$13.256,$13.1228
11/23/2020,$13.268,3810305,$13.40,$13.414,$13.188
11/20/2020,$13.264,2686315,$13.378,$13.378,$13.1499
11/19/2020,$13.364,7823800,$13.23,$13.412,$13.004
11/18/2020,$12.89,3869655,$12.88,$12.918,$12.80
11/17/2020,$12.83,7738210,$12.596,$12.862,$12.54
11/16/2020,$12.788,4822615,$12.796,$12.84,$12.70
11/13/2020,$13.106,2448295,$13.142,$13.164,$12.89
11/12/2020,$12.868,3595995,$12.844,$12.986,$12.616
11/11/2020,$12.658,5100135,$12.418,$12.70,$12.322
11/10/2020,$12.882,7802215,$12.915,$12.98,$12.762
11/09/2020,$13.26,9565770,$13.50,$13.50,$12.90
11/06/2020,$14.132,4480010,$14.055,$14.166,$13.996
11/05/2020,$14.54,5318625,$14.351,$14.75,$14.30
11/04/2020,$13.696,2342220,$13.808,$13.854,$13.604
11/03/2020,$14.008,1376540,$13.604,$14.012,$13.604
11/02/2020,$13.746,1256700,$13.676,$13.934,$13.676
10/30/2020,$13.546,1607455,$13.826,$13.826,$13.54
10/29/2020,$13.908,1216420,$13.89,$13.94,$13.67
10/28/2020,$13.61,1809400,$13.61,$13.706,$13.514
10/27/2020,$13.67,1828695,$13.816,$13.816,$13.60
10/26/2020,$13.092,1232860,$13.10,$13.146,$13.00
10/23/2020,$13.12,1232160,$13.134,$13.20,$13.08
10/22/2020,$13.398,1106415,$13.46,$13.46,$13.346
10/21/2020,$13.42,1000620,$13.422,$13.524,$13.40
10/20/2020,$13.588,1490640,$13.682,$13.682,$13.50
10/19/2020,$13.742,957860,$13.774,$13.89,$13.736
10/16/2020,$13.77,1216855,$13.766,$13.84,$13.74
10/15/2020,$13.832,1449050,$13.80,$13.878,$13.77
10/14/2020,$14.054,1848880,$13.92,$14.196,$13.92
10/13/2020,$14.084,1289755,$14.176,$14.176,$13.962
10/12/2020,$14.05,1083210,$14.154,$14.154,$13.86
10/09/2020,$13.756,822840,$13.748,$13.776,$13.724
10/08/2020,$13.77,1112085,$13.756,$13.88,$13.756
10/07/2020,$13.712,1205895,$13.66,$13.73,$13.648
10/06/2020,$13.536,1577730,$13.622,$13.758,$13.522
10/05/2020,$13.56,2338930,$13.404,$13.932,$13.404
10/02/2020,$13.892,2978875,$13.886,$13.938,$13.742
10/01/2020,$14.26,638915,$14.231,$14.282,$14.169
09/30/2020,$14.18,1295080,$14.124,$14.20,$14.12
09/29/2020,$14.328,827310,$14.306,$14.40,$14.306
09/28/2020,$14.12,901085,$14.156,$14.24,$14.102
09/25/2020,$14.068,956220,$13.976,$14.074,$13.862
09/24/2020,$14.04,1941685,$14.00,$14.08,$13.944
09/23/2020,$14.196,1632370,$14.322,$14.38,$14.13
09/22/2020,$14.30,659820,$14.396,$14.396,$14.202
09/21/2020,$14.27,966770,$14.258,$14.284,$14.0612
09/18/2020,$14.412,2717160,$14.554,$14.564,$14.21
09/17/2020,$14.104,1083440,$14.132,$14.132,$14.02
09/16/2020,$14.288,2782105,$14.23,$14.359,$14.229
09/15/2020,$14.276,2821630,$14.188,$14.294,$14.18
09/14/2020,$14.07,2050505,$14.035,$14.09,$13.992
09/11/2020,$13.998,998210,$13.978,$14.00,$13.858
09/10/2020,$13.778,2032125,$13.932,$13.97,$13.778
09/09/2020,$13.926,5317140,$13.726,$13.956,$13.2259
09/08/2020,$13.352,3520120,$13.294,$13.47,$13.204
09/04/2020,$14.136,3591095,$14.024,$14.178,$13.9136
09/03/2020,$14.02,19199320,$14.23,$14.262,$13.854
09/02/2020,$14.017,12019570,$14.10,$14.12,$13.906
09/01/2020,$14.10,12259625,$13.844,$14.248,$13.57
08/31/2020,$13.474,3435180,$13.4466,$13.4998,$13.39
08/28/2020,$13.448,3985135,$13.42,$13.472,$13.37
08/27/2020,$13.508,4732640,$13.56,$13.668,$13.422
08/26/2020,$13.73,5314225,$13.46,$13.74,$13.46
08/25/2020,$13.28,8956335,$13.232,$13.298,$13.14
08/24/2020,$13.616,3133405,$13.52,$13.654,$13.52
08/21/2020,$12.862,4592395,$12.786,$12.948,$12.786
08/20/2020,$12.62,3953240,$12.60,$12.70,$12.582
08/19/2020,$12.64,2066730,$12.64,$12.73,$12.58
08/18/2020,$12.61,2450325,$12.54,$12.624,$12.54
08/17/2020,$12.184,1221710,$12.024,$12.216,$12.024
08/14/2020,$11.992,527195,$11.80,$12.09,$11.80
08/13/2020,$11.9904,751155,$11.808,$12.10,$11.808
08/12/2020,$12.014,2238895,$11.893,$12.02,$11.81
08/11/2020,$11.69,1691170,$11.86,$11.86,$11.679
08/10/2020,$11.85,1783010,$12.04,$12.04,$11.822
08/07/2020,$11.826,2004620,$11.92,$11.94,$11.822
08/06/2020,$12.264,5421950,$12.38,$12.44,$11.90
08/05/2020,$11.748,3223920,$11.659,$11.758,$11.64
08/04/2020,$11.41,3666065,$11.178,$11.45,$11.178
08/03/2020,$11.192,1444820,$11.098,$11.206,$11.00
07/31/2020,$11.002,742550,$11.08,$11.08,$10.954
07/30/2020,$11.274,648430,$11.248,$11.31,$11.14
07/29/2020,$11.372,1025445,$11.212,$11.382,$11.212
07/28/2020,$11.212,822585,$11.102,$11.324,$11.102
07/27/2020,$11.32,510815,$11.108,$11.38,$11.108
07/24/2020,$11.052,922070,$11.06,$11.07,$11.00
07/23/2020,$11.00,578240,$11.112,$11.112,$11.00
07/22/2020,$11.05,691735,$11.058,$11.154,$11.05
07/21/2020,$11.098,748520,$11.15,$11.182,$11.086
07/20/2020,$11.054,1327490,$11.098,$11.098,$10.944
07/17/2020,$11.168,650135,$11.134,$11.168,$11.11
07/16/2020,$11.19,632665,$11.192,$11.248,$11.138
07/15/2020,$11.362,740790,$11.50,$11.50,$11.328
07/14/2020,$11.278,1590000,$11.22,$11.284,$11.172
07/13/2020,$11.34,956885,$11.32,$11.46,$11.32
07/10/2020,$11.458,867915,$11.554,$11.554,$11.398
07/09/2020,$11.58,839975,$11.498,$11.61,$11.498
07/08/2020,$11.664,982220,$11.526,$11.664,$11.524
07/07/2020,$11.93,1149005,$11.9168,$12.00,$11.868
07/06/2020,$11.756,1831175,$11.612,$11.758,$11.612
07/02/2020,$11.274,723760,$11.272,$11.338,$11.246
07/01/2020,$11.20,681895,$11.115,$11.222,$11.044
06/30/2020,$11.18,541425,$11.052,$11.202,$11.052
06/29/2020,$11.204,730140,$11.276,$11.276,$11.133
06/26/2020,$11.24,1371830,$11.36,$11.36,$11.20
06/25/2020,$11.186,5927860,$11.22,$11.348,$11.022
06/24/2020,$11.288,7525040,$11.46,$11.538,$11.232
06/23/2020,$11.364,3955740,$11.54,$11.578,$11.35
06/22/2020,$11.70,1549390,$11.776,$11.776,$11.668
06/19/2020,$11.718,1882970,$11.768,$11.782,$11.634
06/18/2020,$11.708,1470345,$11.676,$11.79,$11.676
06/17/2020,$11.486,1710810,$11.332,$11.58,$11.332
06/16/2020,$11.14,1328165,$11.093,$11.14,$11.024
06/15/2020,$10.998,1309095,$11.004,$11.058,$10.916
06/12/2020,$11.08,1176455,$11.08,$11.138,$11.014
06/11/2020,$10.77,2150570,$10.90,$10.94,$10.726
06/10/2020,$10.548,1141295,$10.59,$10.59,$10.491
06/09/2020,$10.47,1021585,$10.40,$10.47,$10.37
06/08/2020,$10.344,2117625,$10.29,$10.37,$10.20
06/05/2020,$10.544,1947080,$10.564,$10.616,$10.468
06/04/2020,$10.418,1999125,$10.38,$10.456,$10.36
06/03/2020,$10.29,2258115,$10.265,$10.32,$10.184
06/02/2020,$10.13,5859050,$10.22,$10.262,$10.086
06/01/2020,$10.362,1049745,$10.26,$10.374,$10.26
05/29/2020,$10.168,2201640,$10.10,$10.25,$10.10
05/28/2020,$10.24,1967395,$10.1538,$10.354,$10.15
05/27/2020,$10.254,1542425,$10.294,$10.294,$10.128
05/26/2020,$10.27,1338940,$10.354,$10.39,$10.256
05/22/2020,$10.426,1383030,$10.396,$10.45,$10.392
05/21/2020,$10.396,1104680,$10.374,$10.476,$10.36
05/20/2020,$10.33,1361495,$10.268,$10.396,$10.268
05/19/2020,$10.22,1861350,$10.22,$10.27,$10.162
05/18/2020,$10.522,1196180,$10.417,$10.53,$10.408
05/15/2020,$10.478,651545,$10.4501,$10.504,$10.416
05/14/2020,$10.454,1094290,$10.37,$10.46,$10.318
05/13/2020,$10.42,1930830,$10.502,$10.54,$10.352
05/12/2020,$10.364,1219935,$10.5284,$10.542,$10.356
05/11/2020,$10.238,1206785,$10.24,$10.244,$10.134
05/08/2020,$10.36,4780890,$10.293,$10.396,$10.272
05/07/2020,$10.87,2396565,$10.84,$10.968,$10.75
05/06/2020,$10.63,2646190,$10.584,$10.714,$10.532
05/05/2020,$10.554,712895,$10.624,$10.624,$10.48
05/04/2020,$10.454,728670,$10.332,$10.458,$10.236
05/01/2020,$10.472,1361850,$10.364,$10.518,$10.364
04/30/2020,$10.288,2328320,$10.436,$10.436,$10.204
04/29/2020,$10.85,1915710,$10.828,$10.978,$10.828
04/28/2020,$10.762,1530045,$10.88,$10.94,$10.74
04/27/2020,$10.93,1594830,$10.978,$10.978,$10.892
04/24/2020,$10.965,2137445,$10.874,$10.974,$10.863
04/23/2020,$10.836,2424525,$10.8394,$10.914,$10.822
04/22/2020,$10.97,2739655,$10.968,$11.046,$10.928
04/21/2020,$11.024,6653650,$10.56,$11.184,$10.492
04/20/2020,$10.58,1358320,$10.57,$10.70,$10.57
04/17/2020,$10.726,2945995,$10.64,$10.956,$10.64
04/16/2020,$11.02,2188980,$10.826,$11.02,$10.826
04/15/2020,$10.818,2776750,$10.756,$10.836,$10.658
04/14/2020,$10.604,3006165,$10.566,$10.726,$10.516
04/13/2020,$10.36,1892300,$10.13,$10.42,$10.13
04/09/2020,$10.098,2780105,$10.08,$10.198,$10.016
04/08/2020,$10.104,2581175,$10.016,$10.128,$9.898
04/07/2020,$10.016,2669265,$10.142,$10.217,$10.00
04/06/2020,$10.018,2362765,$9.818,$10.0388,$9.818
04/03/2020,$9.608,1886370,$9.706,$9.706,$9.568
04/02/2020,$9.70,1677280,$9.667,$9.768,$9.5422
04/01/2020,$9.69,3479620,$9.524,$9.808,$9.522
03/31/2020,$9.656,2229870,$9.484,$9.75,$9.484
03/30/2020,$9.628,3060430,$9.548,$9.67,$9.162
03/27/2020,$9.137,2745815,$8.79,$9.306,$8.79
03/26/2020,$9.172,6165585,$8.93,$9.184,$8.93
03/25/2020,$8.762,2179240,$8.916,$8.916,$8.458
03/24/2020,$8.928,2517760,$9.18,$9.18,$8.574
03/23/2020,$8.596,1488325,$8.544,$8.758,$8.544
03/20/2020,$8.701,1443605,$8.8332,$9.036,$8.66
03/19/2020,$8.77,1835610,$8.502,$9.00,$8.43
03/18/2020,$8.142,1832840,$8.00,$8.28,$7.998
03/17/2020,$8.204,2631945,$7.986,$8.23,$7.90
03/16/2020,$7.5928,2144910,$7.54,$7.774,$7.164
03/13/2020,$7.939,1869670,$7.8918,$8.038,$7.68
03/12/2020,$7.784,4167340,$7.90,$7.97,$7.53
03/11/2020,$8.306,1200580,$8.452,$8.50,$8.244
03/10/2020,$8.6988,2001355,$8.616,$8.716,$8.466
03/09/2020,$8.48,2255580,$8.44,$8.61,$8.322
03/06/2020,$8.776,968265,$8.604,$8.782,$8.604
03/05/2020,$8.752,2066525,$8.624,$8.79,$8.624
03/04/2020,$8.758,1197505,$8.632,$8.762,$8.632
03/03/2020,$8.507,1036640,$8.522,$8.628,$8.436
03/02/2020,$8.646,2259705,$8.402,$8.646,$8.402
02/28/2020,$8.396,3887975,$8.152,$8.406,$8.152
02/27/2020,$8.508,1702560,$8.62,$8.642,$8.50
02/26/2020,$8.77,1204485,$8.714,$8.846,$8.714
02/25/2020,$8.678,2358235,$8.764,$8.82,$8.654
02/24/2020,$8.634,1217290,$8.61,$8.726,$8.60
02/21/2020,$8.87,835095,$8.83,$8.95,$8.83
02/20/2020,$8.966,874255,$8.904,$9.042,$8.904
02/19/2020,$9.09,1989150,$9.06,$9.12,$9.06
02/18/2020,$8.998,1910815,$8.992,$9.044,$8.986
02/14/2020,$9.044,2728360,$9.03,$9.074,$9.02
02/13/2020,$9.14,878130,$9.154,$9.205,$9.098
02/12/2020,$9.28,1258110,$9.22,$9.28,$9.22
02/11/2020,$9.356,902685,$9.262,$9.366,$9.262
02/10/2020,$9.28,3653265,$9.206,$9.28,$9.206
02/07/2020,$9.206,2522190,$9.174,$9.276,$9.174
02/06/2020,$9.266,1833835,$9.26,$9.30,$9.252
02/05/2020,$9.28,2424920,$9.226,$9.28,$9.226
02/04/2020,$9.284,2165805,$9.22,$9.284,$9.204
02/03/2020,$9.164,2226180,$9.228,$9.228,$9.16
01/31/2020,$9.18,4826225,$9.332,$9.336,$9.15
01/30/2020,$9.47,2372385,$9.736,$9.758,$9.362
01/29/2020,$9.76,752160,$9.778,$9.79,$9.738
01/28/2020,$9.79,928475,$9.646,$9.798,$9.646
01/27/2020,$9.636,1284060,$9.616,$9.68,$9.616
01/24/2020,$9.946,944765,$9.922,$9.992,$9.916
01/23/2020,$9.952,526150,$9.85,$9.953,$9.85
01/22/2020,$9.81,489850,$9.852,$9.852,$9.80
01/21/2020,$9.792,958555,$9.80,$9.85,$9.77
01/17/2020,$9.734,1492570,$9.762,$9.762,$9.714
01/16/2020,$9.768,1199425,$9.80,$9.804,$9.752
01/15/2020,$9.802,435905,$9.812,$9.83,$9.794
01/14/2020,$9.83,594070,$9.78,$9.832,$9.78
01/13/2020,$9.92,639185,$9.82,$9.92,$9.82
01/10/2020,$9.892,1036295,$9.91,$9.91,$9.854
01/09/2020,$9.908,2596695,$9.94,$9.948,$9.88
01/08/2020,$9.922,2782835,$9.82,$9.95,$9.78
01/07/2020,$9.832,1096595,$9.88,$9.902,$9.81
01/06/2020,$9.91,1162530,$9.88,$9.936,$9.824
01/03/2020,$10.05,506245,$9.946,$10.10,$9.946
01/02/2020,$10.138,1180385,$10.136,$10.164,$10.09
12/31/2019,$9.98,547720,$9.972,$9.986,$9.95
12/30/2019,$9.94,1170665,$9.986,$10.05,$9.94
12/27/2019,$10.00,1170740,$9.984,$10.024,$9.984
12/26/2019,$9.98,548485,$9.89,$9.98,$9.89
12/24/2019,$9.91,318405,$9.88,$9.934,$9.88
12/23/2019,$9.928,601055,$9.908,$9.934,$9.88
12/20/2019,$9.896,1319645,$9.84,$9.90,$9.836
12/19/2019,$9.93,1412320,$10.046,$10.046,$9.93
12/18/2019,$10.186,605610,$10.20,$10.20,$10.12
12/17/2019,$10.39,2804650,$10.44,$10.44,$10.362
12/16/2019,$10.462,2936615,$10.35,$10.483,$10.35
12/13/2019,$10.19,1054475,$10.252,$10.252,$10.17
12/12/2019,$10.376,1183090,$10.276,$10.408,$10.276
12/11/2019,$10.506,1683110,$10.54,$10.54,$10.466
12/10/2019,$10.59,2502915,$10.63,$10.648,$10.56
12/09/2019,$10.344,640955,$10.338,$10.378,$10.328
12/06/2019,$10.11,437585,$10.066,$10.116,$10.032
12/05/2019,$9.998,1705755,$10.059,$10.116,$9.998
12/04/2019,$10.145,1147190,$10.13,$10.212,$10.13
12/03/2019,$10.186,1672625,$10.11,$10.21,$10.108
12/02/2019,$10.008,1959825,$9.876,$10.16,$9.876
11/29/2019,$9.678,141620,$9.70,$9.70,$9.65
11/27/2019,$9.76,519675,$9.726,$9.764,$9.726
11/26/2019,$9.748,776220,$9.7504,$9.766,$9.736
11/25/2019,$9.768,1579810,$9.666,$9.77,$9.666
11/22/2019,$9.595,1436715,$9.492,$9.596,$9.492
11/21/2019,$9.736,6468545,$9.842,$9.858,$9.682
11/20/2019,$9.908,8836940,$9.812,$9.918,$9.812
11/19/2019,$9.754,1545865,$9.708,$9.778,$9.708
11/18/2019,$9.614,955905,$9.64,$9.688,$9.60
11/15/2019,$9.484,1607975,$9.54,$9.558,$9.476
11/14/2019,$9.62,393775,$9.59,$9.628,$9.59
11/13/2019,$9.63,499560,$9.63,$9.676,$9.618
11/12/2019,$9.682,356875,$9.66,$9.716,$9.66
11/11/2019,$9.62,394905,$9.572,$9.624,$9.572
11/08/2019,$9.594,316385,$9.67,$9.67,$9.57
11/07/2019,$9.632,488350,$9.652,$9.678,$9.632
11/06/2019,$9.6381,2516955,$9.72,$9.72,$9.626
11/05/2019,$9.87,7644340,$9.842,$9.904,$9.824
11/04/2019,$9.88,8924570,$9.93,$9.97,$9.88
11/01/2019,$9.922,11846065,$9.65,$9.98,$9.65
10/31/2019,$9.304,4732585,$9.26,$9.348,$9.104
10/30/2019,$8.812,3318460,$8.82,$8.866,$8.776
10/29/2019,$8.598,2840070,$8.606,$8.71,$8.588
10/28/2019,$8.51,1107735,$8.536,$8.536,$8.504
10/25/2019,$8.458,1192820,$8.454,$8.466,$8.412
10/24/2019,$8.716,1408040,$8.696,$8.78,$8.682
10/23/2019,$8.83,1208170,$8.82,$8.832,$8.778
10/22/2019,$8.854,628665,$8.826,$8.876,$8.82
10/21/2019,$8.822,2322080,$8.888,$8.903,$8.822
10/18/2019,$8.888,897535,$8.944,$8.944,$8.858
10/17/2019,$8.962,3930675,$9.02,$9.02,$8.939
10/16/2019,$9.186,1571570,$9.246,$9.26,$9.176
10/15/2019,$9.252,2018960,$9.255,$9.294,$9.24
10/14/2019,$9.234,1120765,$9.24,$9.336,$9.23
10/11/2019,$9.278,986625,$9.204,$9.30,$9.204
10/10/2019,$9.35,1319900,$9.31,$9.388,$9.31
10/09/2019,$9.544,1781145,$9.544,$9.57,$9.536
10/08/2019,$9.336,2132375,$9.456,$9.458,$9.336
10/07/2019,$9.442,637675,$9.416,$9.478,$9.416
10/04/2019,$9.606,1433715,$9.548,$9.606,$9.522
10/03/2019,$9.486,1322305,$9.41,$9.49,$9.396
10/02/2019,$9.41,1387125,$9.502,$9.528,$9.36
10/01/2019,$9.354,1334675,$9.465,$9.468,$9.324
09/30/2019,$9.32,872935,$9.294,$9.34,$9.24
09/27/2019,$9.32,1627300,$9.424,$9.424,$9.32
09/26/2019,$9.456,1543240,$9.49,$9.49,$9.374
09/25/2019,$9.518,3198200,$9.452,$9.598,$9.452
09/24/2019,$9.52,3738055,$9.782,$9.84,$9.462
09/23/2019,$9.88,1331680,$9.84,$9.89,$9.814
09/20/2019,$9.852,2638190,$9.876,$9.98,$9.83
09/19/2019,$9.848,1310750,$9.86,$9.888,$9.84
09/18/2019,$9.822,1105850,$9.824,$9.824,$9.744
09/17/2019,$9.686,538765,$9.596,$9.698,$9.596
09/16/2019,$9.58,578570,$9.607,$9.654,$9.5624
09/13/2019,$9.624,733085,$9.604,$9.63,$9.584
09/12/2019,$9.60,995670,$9.596,$9.654,$9.588
09/11/2019,$9.578,1520295,$9.567,$9.612,$9.51
09/10/2019,$9.684,1205945,$9.776,$9.776,$9.646
09/09/2019,$9.814,2240815,$9.816,$9.842,$9.77
09/06/2019,$9.682,438975,$9.704,$9.704,$9.658
09/05/2019,$9.62,1471835,$9.64,$9.642,$9.60
09/04/2019,$9.706,2481215,$9.754,$9.76,$9.64
09/03/2019,$9.562,880575,$9.566,$9.566,$9.50
08/30/2019,$9.45,359610,$9.43,$9.504,$9.422
08/29/2019,$9.542,423365,$9.484,$9.556,$9.484
08/28/2019,$9.526,639025,$9.522,$9.554,$9.472
08/27/2019,$9.55,1092485,$9.496,$9.562,$9.494
08/26/2019,$9.492,505165,$9.44,$9.50,$9.434
08/23/2019,$9.42,1386130,$9.568,$9.586,$9.41
08/22/2019,$9.39,579035,$9.486,$9.486,$9.346
08/21/2019,$9.498,1762185,$9.436,$9.524,$9.436
08/20/2019,$9.346,563870,$9.365,$9.40,$9.33
08/19/2019,$9.43,977885,$9.384,$9.47,$9.384
08/16/2019,$9.41,787990,$9.325,$9.418,$9.30
08/15/2019,$9.34,1405505,$9.366,$9.40,$9.304
08/14/2019,$9.216,1826055,$9.26,$9.318,$9.20
08/13/2019,$9.212,2720990,$9.03,$9.24,$9.03
08/12/2019,$9.204,763410,$9.336,$9.336,$9.178
08/09/2019,$9.28,932980,$9.35,$9.36,$9.256
08/08/2019,$9.408,1734935,$9.276,$9.415,$9.25
08/07/2019,$9.31,1027825,$9.236,$9.312,$9.114
08/06/2019,$9.177,1046045,$9.112,$9.18,$9.082
08/05/2019,$9.04,2403995,$9.154,$9.234,$9.024
08/02/2019,$9.306,1234430,$9.42,$9.458,$9.252
08/01/2019,$9.472,2744700,$9.476,$9.686,$9.46
07/31/2019,$9.238,3016385,$9.27,$9.37,$9.23
07/30/2019,$9.16,5271400,$8.996,$9.23,$8.974
07/29/2019,$9.306,1145925,$9.306,$9.306,$9.222
07/26/2019,$9.244,1223345,$9.328,$9.328,$9.212
07/25/2019,$9.164,2120360,$9.234,$9.32,$9.148
07/24/2019,$9.22,1029955,$9.24,$9.248,$9.178
07/23/2019,$9.244,1315915,$9.25,$9.264,$9.21
07/22/2019,$9.34,2132675,$9.368,$9.402,$9.324
07/19/2019,$9.508,658535,$9.568,$9.568,$9.502
07/18/2019,$9.596,1045345,$9.452,$9.596,$9.452
07/17/2019,$9.492,1061715,$9.554,$9.554,$9.492
07/16/2019,$9.53,2451515,$9.599,$9.622,$9.504
07/15/2019,$9.622,969875,$9.652,$9.681,$9.612
07/12/2019,$9.6456,1621570,$9.664,$9.676,$9.632
07/11/2019,$9.661,3222295,$9.66,$9.736,$9.61
07/10/2019,$9.60,4690605,$9.408,$9.68,$9.404
07/09/2019,$9.282,534990,$9.234,$9.29,$9.234
07/08/2019,$9.328,561865,$9.35,$9.412,$9.312
07/05/2019,$9.354,1437170,$9.304,$9.40,$9.29
07/03/2019,$9.424,1624640,$9.36,$9.424,$9.342
07/02/2019,$9.246,556640,$9.254,$9.272,$9.224
07/01/2019,$9.258,2940535,$9.30,$9.33,$9.234
06/28/2019,$9.154,1512240,$9.128,$9.164,$9.114
06/27/2019,$9.092,1561580,$9.029,$9.10,$9.016
06/26/2019,$8.80,2396150,$8.906,$8.928,$8.728
06/25/2019,$8.816,656040,$8.902,$8.92,$8.81
06/24/2019,$8.902,1217240,$8.904,$8.92,$8.854
06/21/2019,$8.922,535240,$8.968,$8.968,$8.868
06/20/2019,$8.992,990485,$9.02,$9.028,$8.93
06/19/2019,$8.76,909415,$8.674,$8.7654,$8.674
06/18/2019,$8.84,1133945,$8.75,$8.84,$8.75
06/17/2019,$8.636,455330,$8.67,$8.67,$8.629
06/14/2019,$8.63,748005,$8.65,$8.65,$8.594
06/13/2019,$8.612,1771290,$8.612,$8.666,$8.562
06/12/2019,$8.62,2808260,$8.719,$8.727,$8.604
06/11/2019,$8.858,3827140,$9.088,$9.09,$8.834
06/10/2019,$9.078,3191920,$9.13,$9.196,$9.064
06/07/2019,$9.068,3299145,$9.064,$9.118,$9.022
06/06/2019,$8.928,734880,$8.94,$8.9412,$8.87
06/05/2019,$8.94,768355,$8.96,$8.96,$8.888
06/04/2019,$8.866,1102020,$8.798,$8.87,$8.702
06/03/2019,$8.872,1415110,$8.882,$8.932,$8.848
05/31/2019,$8.827,1555320,$8.986,$8.986,$8.80
05/30/2019,$8.756,1000360,$8.76,$8.77,$8.718
05/29/2019,$8.83,1190725,$8.936,$8.936,$8.772
05/28/2019,$8.828,919075,$8.88,$8.938,$8.828
05/24/2019,$8.922,2352235,$8.905,$8.93,$8.878
05/23/2019,$8.684,3056745,$8.66,$8.688,$8.628
05/22/2019,$8.65,2470745,$8.596,$8.668,$8.594
05/21/2019,$8.638,1705660,$8.604,$8.676,$8.604
05/20/2019,$8.554,1323035,$8.554,$8.634,$8.512
05/17/2019,$8.48,1822060,$8.506,$8.556,$8.4536
05/16/2019,$8.48,2154465,$8.34,$8.542,$8.34
05/15/2019,$8.612,1567720,$8.478,$8.63,$8.474
05/14/2019,$8.528,1479860,$8.414,$8.556,$8.414
05/13/2019,$8.268,4030190,$8.436,$8.436,$8.208
05/10/2019,$8.526,2634675,$8.35,$8.55,$8.32
05/09/2019,$8.404,3071260,$8.372,$8.42,$8.272
05/08/2019,$8.492,3028870,$8.32,$8.584,$8.32
05/07/2019,$8.348,2913785,$8.398,$8.414,$8.304
05/06/2019,$8.672,1489565,$8.492,$8.676,$8.474
05/03/2019,$8.707,1032130,$8.588,$8.71,$8.578
05/02/2019,$8.587,786315,$8.58,$8.612,$8.53
05/01/2019,$8.602,921925,$8.604,$8.668,$8.60
04/30/2019,$8.616,1083815,$8.564,$8.642,$8.564
04/29/2019,$8.676,1074115,$8.55,$8.676,$8.55
04/26/2019,$8.61,3371320,$8.496,$8.618,$8.49
04/25/2019,$8.05,8887915,$8.212,$8.25,$7.93
04/24/2019,$8.44,2949140,$8.484,$8.55,$8.39
04/23/2019,$8.282,3816400,$8.302,$8.306,$8.226
04/22/2019,$8.588,4699755,$8.618,$8.618,$8.556
04/18/2019,$8.692,15535140,$8.48,$8.836,$8.32
04/17/2019,$7.744,2023485,$7.77,$7.80,$7.706
04/16/2019,$7.656,3234465,$7.702,$7.738,$7.622
04/15/2019,$7.594,2320135,$7.634,$7.64,$7.59
04/12/2019,$7.59,2068355,$7.56,$7.6054,$7.56
04/11/2019,$7.35,633950,$7.346,$7.40,$7.332
04/10/2019,$7.406,1091910,$7.416,$7.42,$7.39
04/09/2019,$7.416,1356385,$7.39,$7.442,$7.39
04/08/2019,$7.338,943505,$7.33,$7.346,$7.29
04/05/2019,$7.474,2277265,$7.40,$7.514,$7.374
04/04/2019,$7.29,584725,$7.298,$7.298,$7.244
04/03/2019,$7.3144,1474685,$7.276,$7.348,$7.268
04/02/2019,$7.192,695335,$7.218,$7.232,$7.162
04/01/2019,$7.223,1241195,$7.216,$7.228,$7.17
03/29/2019,$7.174,1616270,$7.16,$7.188,$7.122
03/28/2019,$7.227,789130,$7.22,$7.227,$7.168
03/27/2019,$7.20,2701025,$7.198,$7.24,$7.156
03/26/2019,$7.25,3360070,$7.224,$7.27,$7.20
03/25/2019,$6.986,2370445,$6.97,$7.034,$6.94
03/22/2019,$6.82,1034630,$6.88,$6.918,$6.802
03/21/2019,$6.886,2509805,$6.816,$6.9048,$6.812
03/20/2019,$6.82,2228065,$6.806,$6.882,$6.798
03/19/2019,$7.023,2961260,$7.058,$7.074,$6.952
03/18/2019,$7.177,1439810,$7.15,$7.194,$7.14
03/15/2019,$6.984,1634820,$6.96,$6.996,$6.94
03/14/2019,$6.79,1084270,$6.783,$6.808,$6.78
03/13/2019,$6.974,1411845,$6.96,$6.983,$6.906
03/12/2019,$6.858,2057070,$6.87,$6.894,$6.82
03/11/2019,$6.756,1148570,$6.67,$6.762,$6.63
03/08/2019,$6.679,892350,$6.656,$6.686,$6.611
03/07/2019,$6.762,1332855,$6.834,$6.834,$6.744
03/06/2019,$6.93,744540,$6.91,$6.958,$6.91
03/05/2019,$6.81,1389065,$6.796,$6.826,$6.75
03/04/2019,$6.742,3426425,$6.81,$6.828,$6.704
03/01/2019,$6.934,2462545,$6.925,$6.95,$6.866
02/28/2019,$6.85,4732550,$6.88,$6.90,$6.818
02/27/2019,$7.116,4427530,$7.11,$7.168,$7.052
02/26/2019,$6.954,3368805,$6.874,$6.96,$6.865
02/25/2019,$6.88,8403395,$6.982,$6.998,$6.872
02/22/2019,$7.108,9454880,$6.966,$7.208,$6.93
02/21/2019,$6.988,8965900,$6.738,$7.08,$6.70
02/20/2019,$6.67,2022220,$6.66,$6.724,$6.652
02/19/2019,$6.672,1590165,$6.626,$6.682,$6.608
02/15/2019,$6.732,932900,$6.624,$6.734,$6.624
02/14/2019,$6.74,1944620,$6.71,$6.768,$6.652
02/13/2019,$6.761,1317200,$6.776,$6.78,$6.732
02/12/2019,$6.62,2231940,$6.62,$6.648,$6.616
02/11/2019,$6.522,2629980,$6.596,$6.596,$6.404
02/08/2019,$6.576,1379950,$6.49,$6.594,$6.49
02/07/2019,$6.652,1725280,$6.638,$6.656,$6.5861
02/06/2019,$6.706,2716440,$6.738,$6.776,$6.704
02/05/2019,$7.168,1112725,$7.156,$7.174,$7.118
02/04/2019,$7.346,1104140,$7.31,$7.3468,$7.1543
02/01/2019,$7.084,2864090,$7.049,$7.134,$7.04
01/31/2019,$7.448,3848290,$7.518,$7.52,$7.354
01/30/2019,$7.74,2141860,$7.60,$7.75,$7.60
01/29/2019,$7.632,2326675,$7.63,$7.672,$7.618
01/28/2019,$7.40,2349230,$7.464,$7.49,$7.328
01/25/2019,$7.739,1791280,$7.762,$7.762,$7.726
01/24/2019,$7.749,819060,$7.756,$7.762,$7.70
01/23/2019,$7.658,1455105,$7.664,$7.738,$7.606
01/22/2019,$7.603,3001600,$7.66,$7.722,$7.584
01/18/2019,$7.85,2098460,$7.78,$7.868,$7.78
01/17/2019,$7.62,1464825,$7.586,$7.672,$7.544
01/16/2019,$7.344,2530675,$7.368,$7.404,$7.342
01/15/2019,$7.343,3480400,$7.241,$7.368,$7.20
01/14/2019,$7.104,3168885,$6.976,$7.17,$6.976
01/11/2019,$6.967,724310,$6.97,$6.99,$6.926
01/10/2019,$6.978,1717000,$6.914,$6.998,$6.862
01/09/2019,$7.10,1493780,$7.06,$7.112,$7.05
01/08/2019,$6.949,1206850,$6.988,$6.988,$6.898
01/07/2019,$6.882,1224490,$6.784,$6.934,$6.784
01/04/2019,$6.73,2001740,$6.522,$6.756,$6.502
01/03/2019,$6.65,1054055,$6.668,$6.728,$6.608
01/02/2019,$6.706,1034435,$6.546,$6.716,$6.486
12/31/2018,$6.62,1490900,$6.66,$6.66,$6.494
12/28/2018,$6.5928,1309920,$6.63,$6.642,$6.562
12/27/2018,$6.58,1193330,$6.512,$6.58,$6.426
12/26/2018,$6.54,2588865,$6.404,$6.556,$6.366
12/24/2018,$6.306,1226005,$6.41,$6.444,$6.276
12/21/2018,$6.382,2786650,$6.492,$6.568,$6.382
12/20/2018,$6.784,3720680,$6.726,$6.814,$6.698
12/19/2018,$6.551,3368145,$6.694,$6.734,$6.52
12/18/2018,$6.898,1217855,$6.92,$6.94,$6.862
12/17/2018,$6.945,2440165,$6.974,$7.03,$6.914
12/14/2018,$7.025,1779235,$7.01,$7.064,$7.01
12/13/2018,$7.194,1704970,$7.18,$7.234,$7.16
12/12/2018,$7.18,5399205,$7.20,$7.248,$7.178
12/11/2018,$7.172,3923005,$7.338,$7.338,$7.118
12/10/2018,$7.26,2994715,$7.238,$7.316,$7.166
12/07/2018,$7.177,1379700,$7.276,$7.30,$7.13
12/06/2018,$7.12,3329060,$7.06,$7.138,$6.936
12/04/2018,$7.144,5241390,$7.348,$7.348,$7.142
12/03/2018,$7.68,1788300,$7.70,$7.70,$7.62
11/30/2018,$7.574,1539595,$7.59,$7.59,$7.53
11/29/2018,$7.676,1235985,$7.664,$7.718,$7.654
11/28/2018,$7.50,2594940,$7.42,$7.50,$7.40
11/27/2018,$7.219,912845,$7.242,$7.242,$7.162
11/26/2018,$7.238,1350720,$7.222,$7.27,$7.187
11/23/2018,$7.006,923940,$6.99,$7.028,$6.92
11/21/2018,$6.964,2727565,$6.902,$7.006,$6.822
11/20/2018,$6.79,2821785,$6.85,$6.88,$6.78
11/19/2018,$7.228,1865200,$7.356,$7.356,$7.20
11/16/2018,$7.20,3057855,$7.03,$7.26,$6.992
11/15/2018,$7.703,2120745,$7.66,$7.75,$7.622
11/14/2018,$7.734,982635,$7.822,$7.822,$7.684
11/13/2018,$7.746,1045710,$7.734,$7.824,$7.732
11/12/2018,$7.782,1904090,$7.956,$7.956,$7.78
11/09/2018,$8.02,5399160,$7.97,$8.036,$7.94
11/08/2018,$8.166,443300,$8.184,$8.228,$8.148
11/07/2018,$8.061,891930,$7.962,$8.074,$7.962
11/06/2018,$7.78,774170,$7.744,$7.824,$7.744
11/05/2018,$7.742,1067615,$7.752,$7.796,$7.718
11/02/2018,$7.848,774630,$7.934,$7.952,$7.78
11/01/2018,$7.878,1341120,$7.85,$7.884,$7.764
10/31/2018,$7.826,2656210,$7.702,$7.888,$7.6354
10/30/2018,$7.48,5231335,$7.67,$7.70,$7.352
10/29/2018,$7.628,2951630,$7.82,$7.82,$7.51
10/26/2018,$7.775,779810,$7.74,$7.824,$7.684
10/25/2018,$8.036,3442370,$7.962,$8.082,$7.926
10/24/2018,$8.016,1330205,$8.254,$8.254,$8.006
10/23/2018,$8.33,873920,$8.2704,$8.36,$8.216
10/22/2018,$8.386,538070,$8.458,$8.458,$8.364
10/19/2018,$8.35,2210340,$8.502,$8.502,$8.344
10/18/2018,$8.686,511965,$8.80,$8.858,$8.66
10/17/2018,$8.82,744380,$8.859,$8.912,$8.764
10/16/2018,$8.912,1130085,$8.81,$8.916,$8.81
10/15/2018,$8.72,1348925,$8.792,$8.792,$8.69
10/12/2018,$8.82,2565015,$8.752,$8.896,$8.716
10/11/2018,$8.558,2465875,$8.522,$8.656,$8.486
10/10/2018,$8.63,1462040,$8.80,$8.852,$8.62
10/09/2018,$8.88,773650,$8.835,$8.908,$8.80
10/08/2018,$8.9742,804585,$9.00,$9.046,$8.918
10/05/2018,$9.03,693785,$9.033,$9.078,$8.966
10/04/2018,$8.839,2137625,$8.986,$9.00,$8.762
10/03/2018,$9.099,629150,$9.15,$9.15,$9.086
10/02/2018,$9.264,634935,$9.262,$9.30,$9.22
10/01/2018,$9.272,773525,$9.21,$9.296,$9.21
09/28/2018,$9.093,850785,$9.11,$9.14,$9.08
09/27/2018,$9.11,1083390,$9.152,$9.152,$9.06
09/26/2018,$9.144,696440,$9.09,$9.20,$9.09
09/25/2018,$9.224,1065710,$9.26,$9.26,$9.182
09/24/2018,$9.165,1840245,$9.256,$9.256,$9.154
09/21/2018,$9.242,1739650,$9.278,$9.284,$9.194
09/20/2018,$9.23,4945160,$9.322,$9.37,$9.15
09/19/2018,$8.927,1286840,$8.90,$8.95,$8.864
09/18/2018,$8.824,2258655,$8.704,$8.872,$8.704
09/17/2018,$8.546,730450,$8.54,$8.578,$8.516
09/14/2018,$8.52,1724735,$8.542,$8.576,$8.452
09/13/2018,$8.72,1733750,$8.71,$8.81,$8.706
09/12/2018,$8.902,1315540,$8.802,$8.908,$8.79
09/11/2018,$8.804,975740,$8.752,$8.828,$8.736
09/10/2018,$8.71,263385,$8.736,$8.738,$8.696
09/07/2018,$8.696,1071065,$8.624,$8.744,$8.624
09/06/2018,$8.61,1428400,$8.62,$8.622,$8.538
09/05/2018,$8.677,3692455,$8.818,$8.82,$8.636
09/04/2018,$8.863,1236175,$8.936,$8.936,$8.838
08/31/2018,$8.99,1680680,$9.002,$9.05,$8.978
08/30/2018,$8.948,2815190,$8.892,$8.956,$8.866
08/29/2018,$8.818,1022785,$8.814,$8.84,$8.792
08/28/2018,$8.71,965870,$8.684,$8.744,$8.684
08/27/2018,$8.762,929890,$8.74,$8.77,$8.74
08/24/2018,$8.54,647260,$8.522,$8.548,$8.47
08/23/2018,$8.415,1582690,$8.47,$8.47,$8.386
08/22/2018,$8.539,671780,$8.55,$8.56,$8.50
08/21/2018,$8.434,712720,$8.772,$8.772,$8.356
08/20/2018,$8.342,1123350,$8.32,$8.364,$8.30
08/17/2018,$8.052,823075,$7.90,$8.066,$7.90
08/16/2018,$7.814,1080915,$7.81,$7.84,$7.768
08/15/2018,$7.785,2434690,$7.856,$7.86,$7.762
08/14/2018,$8.064,1278870,$8.076,$8.116,$8.05
08/13/2018,$8.105,1277840,$8.052,$8.152,$8.052
08/10/2018,$8.182,1495810,$8.214,$8.214,$8.16
08/09/2018,$8.382,1124675,$8.401,$8.416,$8.3776
08/08/2018,$8.316,2018995,$8.3888,$8.392,$8.316
08/07/2018,$8.398,1368060,$8.396,$8.424,$8.38
08/06/2018,$8.328,2100160,$8.261,$8.332,$8.216
08/03/2018,$8.652,825860,$8.606,$8.652,$8.5267
08/02/2018,$8.62,846510,$8.58,$8.63,$8.504
08/01/2018,$8.756,2041970,$8.676,$8.76,$8.676
07/31/2018,$8.534,2839060,$8.50,$8.59,$8.39
07/30/2018,$8.24,8711800,$8.42,$8.47,$8.096
07/27/2018,$8.46,1024410,$8.525,$8.5358,$8.424
07/26/2018,$8.436,1049155,$8.443,$8.49,$8.43
07/25/2018,$8.43,914345,$8.35,$8.44,$8.306
07/24/2018,$8.32,1712210,$8.296,$8.364,$8.296
07/23/2018,$8.18,582150,$8.158,$8.21,$8.158
07/20/2018,$8.315,525440,$8.306,$8.336,$8.268
07/19/2018,$8.286,2835115,$8.21,$8.33,$8.17
07/18/2018,$8.156,2596115,$8.13,$8.186,$8.122
07/17/2018,$8.36,1669020,$8.332,$8.36,$8.304
07/16/2018,$8.407,2672610,$8.30,$8.416,$8.30
07/13/2018,$8.066,1047825,$8.044,$8.122,$8.044
07/12/2018,$7.995,1089415,$7.942,$8.00,$7.942
07/11/2018,$7.938,1150545,$8.00,$8.00,$7.922
07/10/2018,$8.001,1222890,$7.998,$8.024,$7.938
07/09/2018,$8.188,1625890,$8.106,$8.20,$8.07
07/06/2018,$7.874,2273805,$7.86,$7.88,$7.812
07/05/2018,$7.914,1928160,$7.88,$7.97,$7.837
07/03/2018,$8.152,774850,$8.198,$8.23,$8.152
07/02/2018,$8.052,1358455,$8.043,$8.08,$8.006
06/29/2018,$8.158,2693110,$8.17,$8.228,$8.14
06/28/2018,$8.204,1831790,$8.124,$8.21,$8.106
06/27/2018,$7.986,2391050,$8.105,$8.112,$7.98
06/26/2018,$8.195,851370,$8.16,$8.236,$8.156
06/25/2018,$8.142,1165605,$8.28,$8.28,$8.106
06/22/2018,$8.2876,843470,$8.398,$8.398,$8.2775
06/21/2018,$8.252,1422835,$8.302,$8.358,$8.25
06/20/2018,$8.35,3648925,$8.354,$8.406,$8.306
06/19/2018,$8.176,3224120,$8.112,$8.206,$8.112
06/18/2018,$8.33,4615185,$8.362,$8.37,$8.248
06/15/2018,$8.598,5538685,$8.524,$8.608,$8.518
06/14/2018,$8.512,4809820,$8.563,$8.588,$8.484
06/13/2018,$8.866,4400690,$8.834,$8.886,$8.81
06/12/2018,$9.416,4250255,$9.51,$9.728,$9.406
06/11/2018,$9.526,1885010,$9.4996,$9.586,$9.442
06/08/2018,$9.503,1730345,$9.422,$9.508,$9.422
06/07/2018,$9.262,2577000,$9.314,$9.348,$9.234
06/06/2018,$9.018,3631935,$9.006,$9.056,$8.98
06/05/2018,$9.353,2269030,$9.341,$9.36,$9.3111
06/04/2018,$9.41,4798230,$9.3756,$9.462,$9.368
06/01/2018,$10.01,3002220,$9.885,$10.072,$9.872
05/31/2018,$10.208,1595095,$10.264,$10.312,$10.20
05/30/2018,$10.268,2456590,$10.222,$10.326,$10.16
05/29/2018,$9.68,1733315,$9.63,$9.72,$9.63
05/25/2018,$9.648,1803555,$9.658,$9.706,$9.626
05/24/2018,$9.584,4045635,$9.68,$9.728,$9.52
05/23/2018,$9.84,1677430,$9.8036,$9.854,$9.79
05/22/2018,$9.952,1270210,$9.995,$10.02,$9.95
05/21/2018,$9.981,1395290,$10.0288,$10.054,$9.978
05/18/2018,$10.234,2183255,$10.328,$10.328,$10.232
05/17/2018,$10.50,336125,$10.482,$10.538,$10.464
05/16/2018,$10.436,642990,$10.328,$10.452,$10.328
05/15/2018,$10.402,1018610,$10.40,$10.452,$10.384
05/14/2018,$10.452,865945,$10.51,$10.528,$10.444
05/11/2018,$10.53,1570130,$10.52,$10.586,$10.52
05/10/2018,$10.43,2719550,$10.358,$10.484,$10.358
05/09/2018,$10.63,2358560,$10.574,$10.65,$10.52
05/08/2018,$10.884,2385975,$10.79,$10.896,$10.73
05/07/2018,$10.705,963250,$10.64,$10.728,$10.618
05/04/2018,$10.682,939025,$10.454,$10.684,$10.454
05/03/2018,$10.514,837240,$10.43,$10.52,$10.404
05/02/2018,$10.404,1488660,$10.424,$10.58,$10.402
05/01/2018,$10.60,1415600,$10.50,$10.60,$10.4524
04/30/2018,$10.496,607580,$10.50,$10.543,$10.476
04/27/2018,$10.486,2014075,$10.57,$10.60,$10.464
04/26/2018,$10.312,3882980,$10.255,$10.312,$10.14
04/25/2018,$10.57,2257220,$10.605,$10.648,$10.48
04/24/2018,$10.404,2871545,$10.642,$10.65,$10.336
04/23/2018,$10.69,1575625,$10.724,$10.73,$10.61
04/20/2018,$10.654,3107160,$10.68,$10.68,$10.544
04/19/2018,$10.24,1226765,$10.25,$10.276,$10.1537
04/18/2018,$10.362,1096000,$10.336,$10.38,$10.30
04/17/2018,$10.3352,9054160,$10.352,$10.404,$10.302
04/16/2018,$10.37,1869955,$10.496,$10.496,$10.33
04/13/2018,$10.486,951470,$10.534,$10.58,$10.458
04/12/2018,$10.556,1296450,$10.518,$10.5712,$10.47
04/11/2018,$10.448,1338515,$10.48,$10.504,$10.408
04/10/2018,$10.546,2725415,$10.5504,$10.566,$10.46
04/09/2018,$10.582,1290375,$10.546,$10.70,$10.546
04/06/2018,$10.356,2646950,$10.547,$10.598,$10.26
04/05/2018,$10.606,1567990,$10.634,$10.69,$10.60
04/04/2018,$10.726,2395015,$10.636,$10.736,$10.522
04/03/2018,$10.958,891900,$10.892,$10.966,$10.844
04/02/2018,$11.022,2015760,$11.196,$11.196,$10.9504
03/29/2018,$11.102,825730,$10.98,$11.118,$10.942
03/28/2018,$10.882,1387865,$10.95,$11.036,$10.842
03/27/2018,$11.07,1839760,$11.312,$11.384,$11.024
03/26/2018,$11.40,1301980,$11.256,$11.416,$11.206
03/23/2018,$11.25,1196660,$11.322,$11.41,$11.236
03/22/2018,$11.30,1306280,$11.556,$11.556,$11.292
03/21/2018,$11.404,896770,$11.431,$11.464,$11.377
03/20/2018,$11.409,982855,$11.264,$11.432,$11.264
03/19/2018,$11.28,3057785,$11.31,$11.40,$11.2602
03/16/2018,$11.542,667900,$11.45,$11.59,$11.45
03/15/2018,$11.58,2831455,$11.488,$11.592,$11.48
03/14/2018,$11.30,544345,$11.42,$11.42,$11.296
03/13/2018,$11.328,1091410,$11.49,$11.49,$11.268
03/12/2018,$11.32,1931200,$11.383,$11.446,$11.294
03/09/2018,$11.46,1327605,$11.33,$11.47,$11.316
03/08/2018,$11.37,1260385,$11.40,$11.408,$11.302
03/07/2018,$11.09,2398640,$11.004,$11.094,$10.92
03/06/2018,$11.304,857105,$11.256,$11.304,$11.21
03/05/2018,$11.096,1363760,$10.92,$11.106,$10.89
03/02/2018,$11.487,1608550,$11.25,$11.492,$11.24
03/01/2018,$11.06,1513630,$11.148,$11.292,$11.00
02/28/2018,$11.41,795220,$11.444,$11.51,$11.38
02/27/2018,$11.372,1387315,$11.49,$11.542,$11.366
02/26/2018,$11.48,978650,$11.44,$11.48,$11.384
02/23/2018,$11.382,1727945,$11.326,$11.39,$11.22
02/22/2018,$11.04,1222320,$11.096,$11.11,$10.958
02/21/2018,$11.062,2567060,$11.118,$11.16,$11.054
02/20/2018,$10.85,2260705,$10.862,$10.994,$10.838
02/16/2018,$10.83,1140795,$10.825,$10.864,$10.784
02/15/2018,$10.81,1617570,$10.80,$10.84,$10.71
02/14/2018,$10.564,1568980,$10.258,$10.564,$10.208
02/13/2018,$10.357,1675285,$10.264,$10.376,$10.222
02/12/2018,$10.249,2164340,$10.089,$10.31,$10.08
02/09/2018,$10.048,2634550,$9.96,$10.05,$9.65
02/08/2018,$9.86,3545450,$10.17,$10.17,$9.82
02/07/2018,$10.33,2354835,$10.47,$10.488,$10.316
02/06/2018,$10.49,3953325,$10.116,$10.508,$10.07
02/05/2018,$10.298,2732075,$10.532,$10.674,$10.298
02/02/2018,$10.504,2636175,$10.646,$10.704,$10.50
02/01/2018,$11.03,3727755,$10.96,$11.048,$10.86
01/31/2018,$11.416,9865665,$11.568,$11.69,$11.37
01/30/2018,$10.676,2499505,$10.788,$10.80,$10.606
01/29/2018,$10.945,1182510,$11.00,$11.018,$10.898
01/26/2018,$11.202,1888880,$11.058,$11.202,$11.008
01/25/2018,$10.964,2647770,$11.00,$11.052,$10.95
01/24/2018,$11.013,3150690,$11.052,$11.122,$10.878
01/23/2018,$11.18,3467615,$11.20,$11.214,$11.122
01/22/2018,$10.966,1863225,$10.986,$11.002,$10.88
01/19/2018,$10.94,3261970,$10.92,$10.95,$10.866
01/18/2018,$10.537,3499485,$10.478,$10.56,$10.47
01/17/2018,$10.306,3372475,$10.18,$10.35,$10.18
01/16/2018,$9.996,2416850,$10.22,$10.22,$9.96
01/12/2018,$10.08,1862405,$10.036,$10.10,$9.918
01/11/2018,$9.942,883175,$9.942,$9.948,$9.878
01/10/2018,$9.874,2179955,$9.80,$9.882,$9.78
01/09/2018,$9.598,1805650,$9.61,$9.61,$9.53
01/08/2018,$9.513,753585,$9.53,$9.53,$9.432
01/05/2018,$9.486,1472025,$9.44,$9.486,$9.362
01/04/2018,$9.707,1678720,$9.637,$9.71,$9.58
01/03/2018,$9.388,1895820,$9.17,$9.39,$9.17
01/02/2018,$9.18,1515795,$9.042,$9.19,$9.042
12/29/2017,$9.014,2176510,$9.10,$9.14,$8.92
12/28/2017,$9.08,1019510,$9.148,$9.148,$9.075
12/27/2017,$9.28,1453125,$9.232,$9.362,$9.232
12/26/2017,$9.156,974360,$9.128,$9.25,$9.128
12/22/2017,$9.336,619915,$9.3074,$9.374,$9.30
12/21/2017,$9.325,613440,$9.33,$9.332,$9.27
12/20/2017,$9.268,1033430,$9.336,$9.358,$9.234
12/19/2017,$9.412,1107875,$9.516,$9.516,$9.41
12/18/2017,$9.588,908865,$9.626,$9.626,$9.56
12/15/2017,$9.651,837750,$9.60,$9.656,$9.56
12/14/2017,$9.556,2180415,$9.56,$9.568,$9.52
12/13/2017,$9.746,1013145,$9.66,$9.754,$9.66
12/12/2017,$9.606,3519205,$9.714,$9.714,$9.57
12/11/2017,$9.795,1691240,$9.718,$9.798,$9.718
12/08/2017,$9.66,1173720,$9.656,$9.696,$9.636
12/07/2017,$9.968,3362445,$9.879,$10.0063,$9.85
12/06/2017,$9.678,2422950,$9.574,$9.7142,$9.56
12/05/2017,$9.549,3566085,$9.526,$9.642,$9.474
12/04/2017,$9.704,2404875,$9.865,$9.904,$9.62
12/01/2017,$10.051,1959940,$10.052,$10.102,$9.976
11/30/2017,$10.196,4340285,$10.102,$10.246,$10.102
11/29/2017,$10.18,3574995,$10.426,$10.526,$10.15
11/28/2017,$10.644,1889385,$10.62,$10.668,$10.572
11/27/2017,$10.688,1779635,$10.682,$10.792,$10.682
11/24/2017,$10.51,1936065,$10.432,$10.52,$10.432
11/22/2017,$10.11,1406185,$10.08,$10.112,$10.038
11/21/2017,$9.966,1117755,$9.99,$10.00,$9.942
11/20/2017,$10.0116,687665,$9.981,$10.036,$9.962
11/17/2017,$9.93,1439955,$9.966,$9.976,$9.93
11/16/2017,$9.956,1792225,$9.937,$9.976,$9.906
11/15/2017,$9.546,1520895,$9.533,$9.592,$9.51
11/14/2017,$9.88,2021405,$9.877,$9.96,$9.816
11/13/2017,$9.734,1860705,$9.682,$9.754,$9.643
11/10/2017,$9.686,2304195,$9.65,$9.776,$9.61
11/09/2017,$9.36,2288770,$9.428,$9.444,$9.31
11/08/2017,$9.588,853635,$9.54,$9.588,$9.52
11/07/2017,$9.382,1680940,$9.42,$9.468,$9.372
11/06/2017,$9.358,1740565,$9.368,$9.368,$9.32
11/03/2017,$9.444,1943890,$9.46,$9.468,$9.39
11/02/2017,$9.4399,1386510,$9.468,$9.468,$9.38
11/01/2017,$9.50,3067475,$9.604,$9.604,$9.484
10/31/2017,$9.73,3024940,$9.74,$9.9227,$9.72
10/30/2017,$10.175,6319760,$9.851,$10.348,$9.816
10/27/2017,$9.532,2536330,$9.36,$9.54,$9.36
10/26/2017,$9.354,1524865,$9.319,$9.36,$9.284
10/25/2017,$9.50,7133980,$9.60,$9.62,$9.41
10/24/2017,$9.742,1444460,$9.712,$9.76,$9.71
10/23/2017,$9.70,2759130,$9.668,$9.706,$9.612
10/20/2017,$9.66,1273460,$9.635,$9.688,$9.602
10/19/2017,$9.606,612760,$9.584,$9.636,$9.558
10/18/2017,$9.506,2700390,$9.56,$9.56,$9.498
10/17/2017,$9.736,1174100,$9.732,$9.754,$9.71
10/16/2017,$9.936,1517650,$9.923,$9.942,$9.91
10/13/2017,$9.92,1202640,$9.814,$9.92,$9.814
10/12/2017,$9.664,1022830,$9.734,$9.766,$9.646
10/11/2017,$9.828,1105620,$9.75,$9.832,$9.75
10/10/2017,$9.656,923930,$9.61,$9.686,$9.61
10/09/2017,$9.694,602630,$9.756,$9.77,$9.68
10/06/2017,$9.734,1860085,$9.69,$9.832,$9.672
10/05/2017,$9.61,1927025,$9.509,$9.65,$9.508
10/04/2017,$9.35,649845,$9.356,$9.356,$9.282
10/03/2017,$9.295,1065460,$9.25,$9.32,$9.22
10/02/2017,$9.23,1711085,$9.291,$9.30,$9.214
09/29/2017,$9.19,1407145,$9.23,$9.26,$9.172
09/28/2017,$9.202,941185,$9.24,$9.24,$9.156
09/27/2017,$9.098,1051805,$9.076,$9.12,$9.018
09/26/2017,$9.002,1655125,$8.991,$9.056,$8.964
09/25/2017,$8.986,4853460,$9.128,$9.174,$8.982
09/22/2017,$9.124,2202355,$9.196,$9.20,$9.10
09/21/2017,$9.32,1626500,$9.358,$9.358,$9.302
09/20/2017,$9.54,4976480,$9.633,$9.73,$9.482
09/19/2017,$9.35,6932750,$9.17,$9.358,$9.14
09/18/2017,$8.816,1235590,$8.87,$8.9344,$8.79
09/15/2017,$8.918,3563080,$8.758,$8.93,$8.702
09/14/2017,$8.608,2013680,$8.496,$8.6488,$8.466
09/13/2017,$8.52,496655,$8.60,$8.60,$8.52
09/12/2017,$8.61,1582200,$8.598,$8.648,$8.592
09/11/2017,$8.448,1114205,$8.574,$8.574,$8.33
09/08/2017,$8.312,454275,$8.316,$8.326,$8.306
09/07/2017,$8.18,588865,$8.11,$8.20,$8.11
09/06/2017,$8.2192,563400,$8.214,$8.24,$8.20
09/05/2017,$8.23,997330,$8.252,$8.252,$8.20
09/01/2017,$8.372,1095415,$8.374,$8.39,$8.34
08/31/2017,$8.326,545360,$8.278,$8.346,$8.278
08/30/2017,$8.28,575120,$8.27,$8.31,$8.262
08/29/2017,$8.36,435810,$8.402,$8.402,$8.35
08/28/2017,$8.444,766195,$8.428,$8.446,$8.376
08/25/2017,$8.237,371905,$8.22,$8.26,$8.20
08/24/2017,$8.22,410425,$8.212,$8.242,$8.188
08/23/2017,$8.22,301055,$8.22,$8.242,$8.21
08/22/2017,$8.284,592715,$8.236,$8.286,$8.236
08/21/2017,$8.184,411330,$8.17,$8.208,$8.166
08/18/2017,$8.25,382560,$8.222,$8.278,$8.222
08/17/2017,$8.242,837830,$8.32,$8.334,$8.24
08/16/2017,$8.326,352360,$8.30,$8.334,$8.274
08/15/2017,$8.284,566010,$8.26,$8.30,$8.26
08/14/2017,$8.214,1160900,$8.24,$8.248,$8.19
08/11/2017,$8.22,1424075,$8.165,$8.23,$8.102
08/10/2017,$8.122,1441380,$8.334,$8.36,$8.122
08/09/2017,$8.452,1668055,$8.514,$8.536,$8.428
08/08/2017,$8.586,1014860,$8.60,$8.658,$8.582
08/07/2017,$8.574,2054295,$8.58,$8.59,$8.56
08/04/2017,$8.49,1022980,$8.4708,$8.50,$8.46
08/03/2017,$8.476,866035,$8.47,$8.476,$8.436
08/02/2017,$8.472,2370875,$8.554,$8.578,$8.432
08/01/2017,$8.413,1014785,$8.41,$8.43,$8.40
07/31/2017,$8.492,1725820,$8.442,$8.494,$8.442
07/28/2017,$8.478,1452260,$8.432,$8.48,$8.39
07/27/2017,$8.47,4839255,$8.593,$8.6136,$8.452
07/26/2017,$8.348,4310030,$8.248,$8.44,$8.202
07/25/2017,$7.876,2803500,$7.924,$7.938,$7.864
07/24/2017,$8.165,862940,$8.12,$8.18,$8.102
07/21/2017,$8.342,621790,$8.32,$8.342,$8.252
07/20/2017,$8.306,1223055,$8.332,$8.364,$8.294
07/19/2017,$8.388,1925905,$8.377,$8.424,$8.358
07/18/2017,$8.158,2685905,$8.072,$8.16,$8.072
07/17/2017,$7.884,1758175,$7.94,$7.976,$7.884
07/14/2017,$7.966,1345915,$7.96,$7.974,$7.92
07/13/2017,$7.974,1116870,$7.982,$8.002,$7.942
07/12/2017,$7.998,1582370,$7.938,$8.00,$7.93
07/11/2017,$7.89,1673735,$7.9076,$7.914,$7.85
07/10/2017,$8.022,2050270,$7.973,$8.034,$7.96
07/07/2017,$7.81,2404340,$7.712,$7.84,$7.712
07/06/2017,$7.674,2222800,$7.663,$7.70,$7.626
07/05/2017,$7.826,4310245,$7.79,$7.826,$7.762
07/03/2017,$8.14,1419485,$8.176,$8.22,$8.124
06/30/2017,$8.364,1888265,$8.391,$8.40,$8.332
06/29/2017,$8.392,5344180,$8.574,$8.618,$8.27
06/28/2017,$8.534,3928230,$8.446,$8.5752,$8.414
06/27/2017,$8.768,2943170,$8.79,$8.80,$8.74
06/26/2017,$8.85,3531855,$8.742,$8.866,$8.742
06/23/2017,$8.642,2795215,$8.604,$8.65,$8.572
06/22/2017,$8.41,1732350,$8.38,$8.42,$8.38
06/21/2017,$8.323,1851570,$8.328,$8.35,$8.288
06/20/2017,$8.3365,1670980,$8.34,$8.382,$8.324
06/19/2017,$8.305,2094245,$8.307,$8.3238,$8.276
06/16/2017,$8.098,1634955,$8.117,$8.138,$8.09
06/15/2017,$8.11,5225915,$8.177,$8.182,$8.09
06/14/2017,$7.925,2253120,$7.949,$7.96,$7.908
06/13/2017,$7.85,8067055,$7.696,$7.96,$7.682
06/12/2017,$7.726,2467995,$7.686,$7.726,$7.608
06/09/2017,$7.686,7253685,$7.876,$7.948,$7.592
06/08/2017,$7.82,3430155,$7.78,$7.82,$7.7136
06/07/2017,$7.782,4327910,$7.826,$7.844,$7.78
06/06/2017,$8.042,8947650,$7.896,$8.072,$7.846
06/05/2017,$7.817,2854930,$7.76,$7.82,$7.75
06/02/2017,$7.5676,1805060,$7.492,$7.568,$7.492
06/01/2017,$7.414,5636795,$7.465,$7.48,$7.384
05/31/2017,$7.566,1578360,$7.61,$7.618,$7.55
05/30/2017,$7.636,3058015,$7.56,$7.678,$7.56
05/26/2017,$7.51,2920120,$7.521,$7.522,$7.46
05/25/2017,$7.19,1822415,$7.147,$7.216,$7.124
05/24/2017,$7.11,1434575,$7.066,$7.13,$7.066
05/23/2017,$6.958,1912240,$6.889,$6.97,$6.878
05/22/2017,$6.858,1128750,$6.846,$6.872,$6.818
05/19/2017,$6.83,1276320,$6.816,$6.838,$6.78
05/18/2017,$6.808,3532305,$6.80,$6.814,$6.748
05/17/2017,$6.688,4469070,$6.764,$6.78,$6.642
05/16/2017,$6.606,2054615,$6.605,$6.628,$6.58
05/15/2017,$6.562,1199145,$6.565,$6.58,$6.538
05/12/2017,$6.475,740000,$6.488,$6.502,$6.464
05/11/2017,$6.478,1466770,$6.473,$6.484,$6.448
05/10/2017,$6.485,2571470,$6.477,$6.49,$6.444
05/09/2017,$6.347,2251975,$6.329,$6.364,$6.304
05/08/2017,$6.41,1401910,$6.39,$6.412,$6.382
05/05/2017,$6.448,3616855,$6.334,$6.448,$6.33
05/04/2017,$6.334,991955,$6.311,$6.336,$6.31
05/03/2017,$6.317,936170,$6.31,$6.32,$6.30
05/02/2017,$6.312,1667660,$6.318,$6.328,$6.30
05/01/2017,$6.33,987860,$6.338,$6.34,$6.322
04/28/2017,$6.336,3985030,$6.286,$6.338,$6.25
04/27/2017,$5.999,4104910,$6.039,$6.056,$5.954
04/26/2017,$6.21,1353110,$6.21,$6.23,$6.148
04/25/2017,$6.33,3717755,$6.323,$6.33,$6.294
04/24/2017,$6.22,1444990,$6.264,$6.274,$6.2135
04/21/2017,$6.184,1176385,$6.174,$6.194,$6.174
04/20/2017,$6.182,4159025,$6.15,$6.212,$6.148
04/19/2017,$6.27,2898060,$6.2214,$6.272,$6.22
04/18/2017,$6.118,716260,$6.106,$6.13,$6.106
04/17/2017,$6.092,2120505,$6.103,$6.12,$6.064
04/13/2017,$5.798,1089535,$5.779,$5.83,$5.776
04/12/2017,$5.827,380855,$5.812,$5.85,$5.812
04/11/2017,$5.82,481440,$5.808,$5.824,$5.792
04/10/2017,$5.804,769725,$5.787,$5.806,$5.786
04/07/2017,$5.832,1694060,$5.811,$5.862,$5.786
04/06/2017,$5.958,828965,$5.9626,$5.9752,$5.93
04/05/2017,$5.86,662660,$5.863,$5.898,$5.856
04/04/2017,$5.86,1130565,$5.8632,$5.952,$5.844
04/03/2017,$5.992,870140,$6.0182,$6.02,$5.964
03/31/2017,$5.804,920980,$5.84,$5.854,$5.784
03/30/2017,$5.8294,873985,$5.884,$5.884,$5.80
03/29/2017,$5.975,630810,$5.95,$6.00,$5.946
03/28/2017,$5.9516,1240070,$6.045,$6.0479,$5.904
03/27/2017,$6.0928,987510,$6.068,$6.10,$6.034
03/24/2017,$6.044,2031555,$6.053,$6.152,$6.014
03/23/2017,$6.10,2933655,$6.074,$6.13,$6.016
03/22/2017,$6.192,4046410,$6.088,$6.192,$6.086
03/21/2017,$5.808,3547950,$5.848,$5.86,$5.808
03/20/2017,$5.882,3153560,$5.811,$5.91,$5.798
03/17/2017,$5.81,6107620,$5.669,$5.916,$5.66
03/16/2017,$5.548,1494355,$5.528,$5.562,$5.528
03/15/2017,$5.48,1897490,$5.404,$5.48,$5.404
03/14/2017,$5.40,643320,$5.3912,$5.42,$5.374
03/13/2017,$5.432,648345,$5.476,$5.476,$5.42
03/10/2017,$5.37,1182070,$5.40,$5.40,$5.354
03/09/2017,$5.372,1926245,$5.365,$5.404,$5.358
03/08/2017,$5.452,2116720,$5.47,$5.472,$5.41
03/07/2017,$5.532,4019015,$5.385,$5.634,$5.36
03/06/2017,$5.348,1530560,$5.318,$5.348,$5.296
03/03/2017,$5.208,1732685,$5.19,$5.218,$5.18
03/02/2017,$5.0136,1891970,$5.017,$5.05,$5.00
03/01/2017,$5.164,1165385,$5.20,$5.202,$5.122
02/28/2017,$5.221,713735,$5.25,$5.27,$5.212
02/27/2017,$5.269,887095,$5.2172,$5.286,$5.2172
02/24/2017,$5.238,841515,$5.188,$5.24,$5.186
02/23/2017,$5.118,679175,$5.15,$5.158,$5.114
02/22/2017,$5.136,708915,$5.116,$5.1468,$5.09
02/21/2017,$5.114,742860,$5.1354,$5.14,$5.064
02/17/2017,$5.134,896645,$5.18,$5.18,$5.10
02/16/2017,$5.073,1035005,$5.013,$5.076,$5.006
02/15/2017,$4.954,1904190,$4.95,$4.9812,$4.936
02/14/2017,$5.104,2644050,$5.133,$5.16,$5.036
02/13/2017,$5.162,3333555,$5.2068,$5.234,$5.158
02/10/2017,$5.2056,383145,$5.21,$5.22,$5.20
02/09/2017,$5.208,466660,$5.16,$5.218,$5.134
02/08/2017,$5.173,565620,$5.167,$5.19,$5.16
02/07/2017,$5.174,560560,$5.175,$5.20,$5.16
02/06/2017,$5.282,533950,$5.294,$5.33,$5.258
02/03/2017,$5.34,1522000,$5.282,$5.352,$5.25
02/02/2017,$5.017,574630,$5.0056,$5.032,$4.978
02/01/2017,$5.00,892120,$4.957,$5.002,$4.956
01/31/2017,$4.946,3772085,$5.06,$5.11,$4.824
01/30/2017,$5.082,3602970,$5.081,$5.128,$5.066
01/27/2017,$5.078,846495,$5.125,$5.168,$5.076
01/26/2017,$5.162,660960,$5.25,$5.25,$5.156
01/25/2017,$5.25,1099565,$5.194,$5.25,$5.19
01/24/2017,$5.191,2416610,$5.2024,$5.228,$5.13
01/23/2017,$5.194,705240,$5.17,$5.208,$5.16
01/20/2017,$5.1516,729005,$5.1682,$5.196,$5.14
01/19/2017,$5.226,2612275,$5.169,$5.238,$5.138
01/18/2017,$5.144,797085,$5.198,$5.198,$5.138
01/17/2017,$5.224,1134645,$5.191,$5.23,$5.168
01/13/2017,$5.17,8078555,$5.179,$5.234,$5.134
01/12/2017,$5.52,2041900,$5.57,$5.578,$5.468
01/11/2017,$5.494,2339680,$5.452,$5.496,$5.41
01/10/2017,$5.40,3918835,$5.294,$5.456,$5.27
01/09/2017,$5.216,1671680,$5.20,$5.216,$5.1788
01/06/2017,$5.20,1848795,$5.16,$5.20,$5.144
01/05/2017,$5.168,735660,$5.235,$5.235,$5.154
01/04/2017,$5.232,1181500,$5.216,$5.232,$5.186
01/03/2017,$5.238,1068820,$5.195,$5.244,$5.19
12/30/2016,$5.19,1056510,$5.20,$5.25,$5.18
12/29/2016,$5.188,826205,$5.187,$5.22,$5.154
12/28/2016,$5.152,907480,$5.20,$5.218,$5.146
12/27/2016,$5.215,1382235,$5.169,$5.24,$5.168
12/23/2016,$5.0076,1431840,$4.991,$5.03,$4.93
12/22/2016,$4.922,4359980,$4.988,$5.0148,$4.888
12/21/2016,$5.146,3680965,$5.23,$5.259,$5.072
12/20/2016,$5.282,3879655,$5.254,$5.338,$5.22
12/19/2016,$5.208,4299355,$5.249,$5.278,$5.17
12/16/2016,$5.422,12804385,$5.63,$5.634,$5.344
12/15/2016,$5.871,4629765,$5.911,$5.918,$5.87
12/14/2016,$6.07,5130320,$6.11,$6.142,$6.056
12/13/2016,$6.244,3555225,$6.229,$6.36,$6.15
12/12/2016,$6.418,2966940,$6.394,$6.426,$6.365
12/09/2016,$6.42,2952870,$6.41,$6.436,$6.312
12/08/2016,$6.268,4451355,$6.184,$6.282,$6.18
12/07/2016,$6.198,965380,$6.106,$6.20,$6.106
12/06/2016,$6.1308,550475,$6.042,$6.148,$6.042
12/05/2016,$5.986,768730,$6.03,$6.03,$5.93
12/02/2016,$5.922,816365,$5.937,$5.974,$5.904
12/01/2016,$6.058,2197805,$6.077,$6.12,$6.046
11/30/2016,$6.166,2476220,$6.168,$6.24,$6.104
11/29/2016,$6.244,1883610,$6.201,$6.25,$6.20
11/28/2016,$6.235,1104655,$6.245,$6.29,$6.21
11/25/2016,$6.198,1947215,$6.205,$6.354,$6.15
11/23/2016,$6.40,1699725,$6.307,$6.5182,$6.28
11/22/2016,$6.38,1157885,$6.245,$6.396,$6.245
11/21/2016,$6.256,1303365,$6.20,$6.26,$6.20
11/18/2016,$6.097,1307710,$6.05,$6.106,$6.04
11/17/2016,$6.028,1640435,$5.987,$6.03,$5.944
11/16/2016,$5.83,3345935,$5.781,$5.842,$5.781
11/15/2016,$5.756,1175135,$5.708,$5.76,$5.68
11/14/2016,$5.684,3513165,$5.715,$5.75,$5.66
11/11/2016,$5.692,1430850,$5.701,$5.722,$5.634
11/10/2016,$5.747,5855580,$5.75,$5.798,$5.72
11/09/2016,$5.758,3819190,$5.631,$5.784,$5.628
11/08/2016,$5.846,897970,$5.84,$5.868,$5.82
11/07/2016,$5.90,819175,$5.893,$5.91,$5.876
11/04/2016,$5.886,937640,$5.896,$5.95,$5.88
11/03/2016,$6.066,799145,$6.088,$6.088,$6.062
11/02/2016,$6.05,580465,$6.034,$6.134,$6.034
11/01/2016,$6.02,1075800,$6.01,$6.06,$5.986
10/31/2016,$6.018,1226570,$6.036,$6.05,$6.014
10/28/2016,$6.034,2131040,$6.048,$6.084,$6.014
10/27/2016,$5.93,2181925,$5.893,$5.952,$5.893
10/26/2016,$5.606,3698050,$5.78,$5.78,$5.58
10/25/2016,$5.916,1013755,$5.891,$5.936,$5.842
10/24/2016,$5.818,3745505,$5.761,$5.824,$5.746
10/21/2016,$6.094,3303645,$6.072,$6.14,$6.066
10/20/2016,$6.473,5968630,$6.487,$6.5664,$6.418
10/19/2016,$6.318,1173020,$6.304,$6.32,$6.286
10/18/2016,$6.3258,1104995,$6.299,$6.338,$6.256
10/17/2016,$6.246,1063210,$6.244,$6.246,$6.20
10/14/2016,$6.404,2522850,$6.40,$6.4464,$6.344
10/13/2016,$6.244,2007110,$6.2332,$6.276,$6.23
10/12/2016,$6.242,1007565,$6.23,$6.276,$6.22
10/11/2016,$6.334,1644045,$6.34,$6.34,$6.2826
10/10/2016,$6.485,850545,$6.518,$6.518,$6.432
10/07/2016,$6.436,581120,$6.465,$6.524,$6.384
10/06/2016,$6.3596,597030,$6.369,$6.398,$6.326
10/05/2016,$6.5084,536535,$6.442,$6.516,$6.442
10/04/2016,$6.378,1161740,$6.378,$6.466,$6.364
10/03/2016,$6.497,882705,$6.546,$6.546,$6.486
09/30/2016,$6.596,2754110,$6.599,$6.62,$6.578
09/29/2016,$6.642,906680,$6.68,$6.754,$6.612
09/28/2016,$6.7476,1361435,$6.678,$6.7476,$6.662
09/27/2016,$6.682,1435735,$6.606,$6.70,$6.606
09/26/2016,$6.596,1233275,$6.553,$6.604,$6.526
09/23/2016,$6.70,975055,$6.7068,$6.714,$6.686
09/22/2016,$6.747,3192045,$6.72,$6.776,$6.694
09/21/2016,$6.68,1644685,$6.621,$6.684,$6.62
09/20/2016,$6.696,2386505,$6.6692,$6.716,$6.664
09/19/2016,$6.574,973205,$6.597,$6.61,$6.5543
09/16/2016,$6.54,819610,$6.594,$6.64,$6.526
09/15/2016,$6.622,1982050,$6.537,$6.65,$6.504
09/14/2016,$6.32,2493350,$6.244,$6.338,$6.232
09/13/2016,$6.27,4938960,$6.25,$6.386,$6.218
09/12/2016,$6.63,2610665,$6.528,$6.632,$6.498
09/09/2016,$6.58,4369880,$6.668,$6.708,$6.56
09/08/2016,$6.775,16179540,$6.826,$6.854,$6.62
09/07/2016,$7.264,39271770,$6.041,$7.31,$6.00
09/06/2016,$5.64,4780685,$5.638,$5.67,$5.58
09/02/2016,$5.768,3049530,$5.745,$5.78,$5.704
09/01/2016,$5.6028,2305045,$5.612,$5.6248,$5.57
08/31/2016,$5.455,1021065,$5.44,$5.474,$5.432
08/30/2016,$5.404,1282490,$5.408,$5.434,$5.40
08/29/2016,$5.466,1274815,$5.412,$5.472,$5.412
08/26/2016,$5.38,1710580,$5.389,$5.458,$5.356
08/25/2016,$5.492,904165,$5.5008,$5.508,$5.48
08/24/2016,$5.508,1879290,$5.576,$5.576,$5.49
08/23/2016,$5.602,1918555,$5.661,$5.661,$5.60
08/22/2016,$5.657,1822890,$5.622,$5.68,$5.622
08/19/2016,$5.566,1425970,$5.50,$5.568,$5.46
08/18/2016,$5.716,1988965,$5.697,$5.734,$5.664
08/17/2016,$5.602,1383635,$5.604,$5.616,$5.564
08/16/2016,$5.40,2709145,$5.419,$5.419,$5.364
08/15/2016,$5.435,2535870,$5.452,$5.468,$5.432
08/12/2016,$5.486,2431810,$5.42,$5.50,$5.30
08/11/2016,$5.666,2020635,$5.6556,$5.684,$5.642
08/10/2016,$5.654,3999400,$5.619,$5.678,$5.60
08/09/2016,$5.584,4579430,$5.565,$5.598,$5.522
08/08/2016,$5.206,1924135,$5.196,$5.22,$5.172
08/05/2016,$5.164,2239655,$5.137,$5.164,$5.10
08/04/2016,$5.27,2871795,$5.225,$5.28,$5.202
08/03/2016,$5.275,2762510,$5.186,$5.276,$5.156
08/02/2016,$5.104,2537475,$5.112,$5.134,$5.04
08/01/2016,$5.10,7965125,$5.071,$5.10,$5.008
07/29/2016,$5.156,7838970,$5.143,$5.222,$5.112
07/28/2016,$5.002,11998055,$5.048,$5.078,$4.983
07/27/2016,$5.248,18397510,$4.95,$5.276,$4.93
07/26/2016,$5.508,16761135,$5.452,$5.508,$5.376
07/25/2016,$5.13,45273795,$5.209,$5.478,$5.04
07/22/2016,$5.80,40918640,$5.989,$6.00,$5.55
07/21/2016,$6.484,13934085,$6.479,$6.63,$6.444
07/20/2016,$6.764,34438820,$6.778,$6.78,$6.45
07/19/2016,$7.17,58233300,$7.597,$7.618,$6.61
07/18/2016,$7.474,67008800,$7.14,$7.65,$7.12
07/15/2016,$6.6764,36711675,$6.538,$6.68,$6.50
07/14/2016,$6.1096,31181340,$6.141,$6.142,$5.974
07/13/2016,$5.305,13022590,$5.315,$5.41,$5.25
07/12/2016,$5.518,35447945,$5.686,$5.74,$5.516
07/11/2016,$5.54,48857415,$5.80,$6.05,$5.35
07/08/2016,$4.146,3976365,$4.115,$4.17,$4.094
07/07/2016,$3.762,4673290,$3.728,$3.762,$3.67
07/06/2016,$3.526,487215,$3.5415,$3.5415,$3.49
07/05/2016,$3.499,131325,$3.49,$3.538,$3.49
07/01/2016,$3.549,93940,$3.54,$3.566,$3.54
06/30/2016,$3.556,157425,$3.558,$3.56,$3.512
06/29/2016,$3.5562,41255,$3.562,$3.562,$3.544
06/28/2016,$3.426,148270,$3.432,$3.432,$3.384
06/27/2016,$3.362,332320,$3.391,$3.414,$3.354
06/24/2016,$3.451,256775,$3.4452,$3.464,$3.40
06/23/2016,$3.566,124460,$3.5708,$3.576,$3.55
06/22/2016,$3.54,253910,$3.568,$3.568,$3.54
06/21/2016,$3.598,85965,$3.576,$3.62,$3.576
06/20/2016,$3.59,120140,$3.544,$3.60,$3.544
06/17/2016,$3.522,315955,$3.499,$3.532,$3.499
06/16/2016,$3.534,468730,$3.528,$3.534,$3.486
06/15/2016,$3.556,506890,$3.56,$3.59,$3.55
06/14/2016,$3.564,103395,$3.598,$3.598,$3.56
06/13/2016,$3.602,136825,$3.62,$3.62,$3.60
06/10/2016,$3.70,160675,$3.741,$3.742,$3.688
06/09/2016,$3.7906,465590,$3.752,$3.80,$3.752
06/08/2016,$3.87,524325,$3.812,$3.872,$3.772
06/07/2016,$3.772,88600,$3.746,$3.80,$3.746
06/06/2016,$3.692,438845,$3.684,$3.70,$3.64
06/03/2016,$3.627,184675,$3.62,$3.634,$3.602
06/02/2016,$3.612,131475,$3.5898,$3.618,$3.5898
06/01/2016,$3.643,202865,$3.638,$3.65,$3.604
05/31/2016,$3.6678,449520,$3.648,$3.689,$3.648
05/27/2016,$3.60,78530,$3.562,$3.65,$3.562
05/26/2016,$3.634,30005,$3.66,$3.66,$3.6075
05/25/2016,$3.664,59350,$3.636,$3.67,$3.632
05/24/2016,$3.632,166900,$3.58,$3.632,$3.58
05/23/2016,$3.664,140965,$3.6872,$3.6872,$3.646
05/20/2016,$3.70,66995,$3.698,$3.70,$3.676
05/19/2016,$3.684,77265,$3.722,$3.722,$3.67
05/18/2016,$3.67,100005,$3.626,$3.686,$3.626
05/17/2016,$3.634,86310,$3.656,$3.664,$3.623
05/16/2016,$3.607,230325,$3.583,$3.612,$3.5529
05/13/2016,$3.538,46855,$3.5455,$3.5455,$3.5028
05/12/2016,$3.56,96160,$3.5078,$3.56,$3.502
05/11/2016,$3.4828,149190,$3.464,$3.50,$3.464
05/10/2016,$3.516,162120,$3.50,$3.52,$3.49
05/09/2016,$3.523,127765,$3.488,$3.54,$3.488
05/06/2016,$3.50,474565,$3.459,$3.50,$3.44
05/05/2016,$3.47,290270,$3.46,$3.478,$3.46
05/04/2016,$3.46,568945,$3.4792,$3.49,$3.436
05/03/2016,$3.49,2197540,$3.44,$3.502,$3.44
05/02/2016,$3.494,584875,$3.4368,$3.498,$3.436
04/29/2016,$3.412,208730,$3.438,$3.438,$3.388
04/28/2016,$3.42,503130,$3.473,$3.473,$3.414
04/27/2016,$3.60,817065,$3.634,$3.658,$3.565
04/26/2016,$3.744,135910,$3.74,$3.776,$3.7244
04/25/2016,$3.778,238110,$3.832,$3.832,$3.77
04/22/2016,$3.88,207475,$3.8912,$3.8912,$3.8688
04/21/2016,$3.938,220885,$3.9676,$3.9676,$3.916
04/20/2016,$3.982,293800,$3.936,$3.994,$3.936
04/19/2016,$3.918,71430,$3.896,$3.924,$3.896
04/18/2016,$3.844,124770,$3.808,$3.85,$3.7988
04/15/2016,$3.812,69520,$3.818,$3.826,$3.788
04/14/2016,$3.812,200150,$3.80,$3.82,$3.80
04/13/2016,$3.748,466420,$3.74,$3.778,$3.728
04/12/2016,$3.78,205820,$3.726,$3.78,$3.726
04/11/2016,$3.658,156200,$3.686,$3.686,$3.63
04/08/2016,$3.624,228070,$3.596,$3.7052,$3.5344
04/07/2016,$3.508,105780,$3.52,$3.54,$3.494
04/06/2016,$3.428,203095,$3.425,$3.43,$3.38
04/05/2016,$3.386,1553135,$3.369,$3.394,$3.346
04/04/2016,$3.4378,667775,$3.457,$3.476,$3.434
04/01/2016,$3.464,746805,$3.473,$3.50,$3.434
03/31/2016,$3.55,177540,$3.60,$3.60,$3.55
03/30/2016,$3.632,859970,$3.658,$3.668,$3.614
03/29/2016,$3.778,416870,$3.712,$3.78,$3.662
03/28/2016,$3.732,135105,$3.7274,$3.78,$3.71
03/24/2016,$3.73,113635,$3.636,$3.73,$3.636
03/23/2016,$3.624,175910,$3.652,$3.652,$3.6132
03/22/2016,$3.67,600850,$3.624,$3.724,$3.624
03/21/2016,$3.468,1238170,$3.4604,$3.488,$3.46
03/18/2016,$3.484,1407085,$3.462,$3.49,$3.426
03/17/2016,$3.494,1458215,$3.40,$3.52,$3.40
03/16/2016,$3.498,138575,$3.488,$3.512,$3.476
03/15/2016,$3.48,29080,$3.496,$3.496,$3.468
03/14/2016,$3.497,35530,$3.528,$3.528,$3.4788
03/11/2016,$3.574,70855,$3.578,$3.578,$3.555
03/10/2016,$3.514,62980,$3.534,$3.5666,$3.484
03/09/2016,$3.506,55235,$3.49,$3.506,$3.474
03/08/2016,$3.477,72870,$3.503,$3.506,$3.474
03/07/2016,$3.456,149835,$3.474,$3.476,$3.412
03/04/2016,$3.64,82355,$3.679,$3.679,$3.636
03/03/2016,$3.614,147405,$3.5802,$3.614,$3.5802
03/02/2016,$3.504,108825,$3.4632,$3.504,$3.4632
03/01/2016,$3.459,144090,$3.44,$3.464,$3.43
02/29/2016,$3.478,81990,$3.376,$3.50,$3.376
02/26/2016,$3.335,778270,$3.35,$3.36,$3.276
02/25/2016,$3.61,312350,$3.606,$3.61,$3.566
02/24/2016,$3.602,237230,$3.57,$3.602,$3.52
02/23/2016,$3.608,444040,$3.652,$3.652,$3.60
02/22/2016,$3.678,1531405,$3.62,$3.678,$3.62
02/19/2016,$3.538,913455,$3.554,$3.554,$3.51
02/18/2016,$3.572,261935,$3.61,$3.6729,$3.57
02/17/2016,$3.47,309870,$3.46,$3.476,$3.454
02/16/2016,$3.455,208950,$3.466,$3.48,$3.44
02/12/2016,$3.298,533645,$3.224,$3.298,$3.212
02/11/2016,$3.32,785080,$3.312,$3.326,$3.268
02/10/2016,$3.348,1269040,$3.404,$3.404,$3.348
02/09/2016,$3.44,360850,$3.41,$3.44,$3.40
02/08/2016,$3.618,638955,$3.685,$3.685,$3.566
02/05/2016,$3.572,274695,$3.63,$3.63,$3.57
02/04/2016,$3.622,738635,$3.60,$3.644,$3.592
02/03/2016,$3.529,775910,$3.55,$3.568,$3.4885
02/02/2016,$3.664,1320265,$3.568,$3.76,$3.554
02/01/2016,$3.56,605880,$3.55,$3.562,$3.521
01/29/2016,$3.514,719665,$3.47,$3.516,$3.43
01/28/2016,$3.294,290665,$3.33,$3.33,$3.278
01/27/2016,$3.312,475520,$3.302,$3.348,$3.294
01/26/2016,$3.398,396870,$3.378,$3.408,$3.37
01/25/2016,$3.316,437075,$3.382,$3.382,$3.30
01/22/2016,$3.408,823735,$3.406,$3.408,$3.352
01/21/2016,$3.212,801580,$3.178,$3.22,$3.152
01/20/2016,$3.161,650965,$3.1834,$3.196,$3.122
01/19/2016,$3.404,3433525,$3.419,$3.442,$3.372
01/15/2016,$3.106,254445,$3.114,$3.124,$3.082
01/14/2016,$3.172,105815,$3.155,$3.174,$3.126
01/13/2016,$3.194,173015,$3.257,$3.257,$3.176
01/12/2016,$3.098,322850,$3.146,$3.146,$3.068
01/11/2016,$3.204,239295,$3.214,$3.214,$3.186
01/08/2016,$3.21,120675,$3.226,$3.256,$3.202
01/07/2016,$3.196,357970,$3.162,$3.224,$3.162
01/06/2016,$3.148,372675,$3.17,$3.174,$3.122
01/05/2016,$3.311,1243795,$3.422,$3.422,$3.31
01/04/2016,$3.449,343365,$3.4482,$3.45,$3.414
12/31/2015,$3.451,95140,$3.454,$3.463,$3.446
12/30/2015,$3.455,264040,$3.482,$3.482,$3.454
12/29/2015,$3.532,554700,$3.512,$3.532,$3.512
12/28/2015,$3.398,542740,$3.396,$3.414,$3.388
12/24/2015,$3.326,179625,$3.36,$3.36,$3.322
12/23/2015,$3.371,211695,$3.346,$3.372,$3.346
12/22/2015,$3.344,238270,$3.36,$3.36,$3.332
12/21/2015,$3.382,674855,$3.4262,$3.4262,$3.37
12/18/2015,$3.414,631980,$3.44,$3.44,$3.41
12/17/2015,$3.472,228210,$3.504,$3.528,$3.472
12/16/2015,$3.546,458650,$3.5076,$3.546,$3.506
12/15/2015,$3.511,374250,$3.511,$3.536,$3.50
12/14/2015,$3.62,232475,$3.634,$3.635,$3.604
12/11/2015,$3.621,332515,$3.68,$3.681,$3.618
12/10/2015,$3.733,184750,$3.74,$3.7488,$3.732
12/09/2015,$3.76,372420,$3.768,$3.80,$3.756
12/08/2015,$3.697,531530,$3.706,$3.71,$3.68
12/07/2015,$3.832,167410,$3.834,$3.846,$3.812
12/04/2015,$3.868,74615,$3.824,$3.87,$3.824
12/03/2015,$3.854,123910,$3.886,$3.912,$3.852
12/02/2015,$3.888,95020,$3.934,$3.934,$3.884
12/01/2015,$3.89,202985,$3.884,$3.91,$3.882
11/30/2015,$3.826,197635,$3.81,$3.87,$3.81
11/27/2015,$3.908,42125,$3.9546,$3.962,$3.888
11/25/2015,$3.972,105620,$3.922,$3.972,$3.922
11/24/2015,$3.934,161265,$3.94,$3.94,$3.906
11/23/2015,$3.916,281370,$3.926,$3.946,$3.91
11/20/2015,$3.935,160220,$3.932,$3.936,$3.928
11/19/2015,$3.906,121805,$3.92,$3.92,$3.906
11/18/2015,$3.934,297780,$3.90,$3.936,$3.90
11/17/2015,$3.916,150295,$3.896,$3.924,$3.896
11/16/2015,$3.988,271555,$3.998,$3.998,$3.962
11/13/2015,$4.071,301875,$4.132,$4.132,$4.07
11/12/2015,$4.042,260760,$4.055,$4.08,$4.042
11/11/2015,$4.158,144620,$4.148,$4.172,$4.148
11/10/2015,$4.136,174235,$4.084,$4.164,$4.084
11/09/2015,$4.1804,358460,$4.182,$4.205,$4.166
11/06/2015,$4.098,108830,$4.108,$4.109,$4.086
11/05/2015,$4.102,191760,$4.17,$4.17,$4.082
11/04/2015,$4.072,134600,$4.118,$4.118,$4.06
11/03/2015,$4.072,633830,$4.086,$4.086,$4.052
11/02/2015,$4.087,354855,$4.004,$4.092,$4.004
10/30/2015,$4.044,5129175,$4.064,$4.13,$4.01
10/29/2015,$4.302,1933880,$4.33,$4.382,$4.278
10/28/2015,$4.872,4209195,$4.764,$4.944,$4.6918
10/27/2015,$4.816,120885,$4.854,$4.854,$4.816
10/26/2015,$4.9727,143360,$4.95,$4.976,$4.946
10/23/2015,$4.924,442090,$4.94,$4.94,$4.892
10/22/2015,$4.867,236065,$4.85,$4.87,$4.832
10/21/2015,$4.858,79590,$4.851,$4.872,$4.851
10/20/2015,$4.844,223255,$4.872,$4.876,$4.822
10/19/2015,$4.872,335025,$4.818,$4.872,$4.818
10/16/2015,$4.777,417745,$4.768,$4.779,$4.76
10/15/2015,$4.642,624575,$4.602,$4.642,$4.602
10/14/2015,$4.47,185115,$4.462,$4.49,$4.444
10/13/2015,$4.56,243850,$4.57,$4.62,$4.52
10/12/2015,$4.426,91960,$4.434,$4.4406,$4.408
10/09/2015,$4.418,95545,$4.4052,$4.45,$4.392
10/08/2015,$4.358,214215,$4.30,$4.38,$4.30
10/07/2015,$4.39,208925,$4.3797,$4.3965,$4.372
10/06/2015,$4.444,490790,$4.46,$4.463,$4.402
10/05/2015,$4.498,292990,$4.44,$4.508,$4.44
10/02/2015,$4.378,71110,$4.32,$4.378,$4.31
10/01/2015,$4.306,142880,$4.304,$4.306,$4.26
09/30/2015,$4.1936,84105,$4.172,$4.196,$4.144
09/29/2015,$4.068,484820,$4.071,$4.11,$4.042
09/28/2015,$4.13,535540,$4.164,$4.164,$4.126
09/25/2015,$4.259,718315,$4.284,$4.292,$4.22
09/24/2015,$4.198,533285,$4.194,$4.21,$4.126
09/23/2015,$4.284,151100,$4.2836,$4.322,$4.26
09/22/2015,$4.282,213420,$4.2852,$4.302,$4.26
09/21/2015,$4.35,176065,$4.31,$4.35,$4.31
09/18/2015,$4.306,153750,$4.3498,$4.35,$4.306
09/17/2015,$4.38,851480,$4.346,$4.452,$4.346
09/16/2015,$4.538,348550,$4.53,$4.54,$4.486
09/15/2015,$4.748,144850,$4.746,$4.75,$4.70
09/14/2015,$4.746,158320,$4.756,$4.8051,$4.706
09/11/2015,$4.767,191210,$4.76,$4.7744,$4.729
09/10/2015,$4.838,470375,$4.848,$4.848,$4.8092
09/09/2015,$4.771,367515,$4.87,$4.87,$4.771
09/08/2015,$4.79,124705,$4.738,$4.80,$4.738
09/04/2015,$4.792,184300,$4.79,$4.818,$4.716
09/03/2015,$4.916,138750,$4.909,$4.944,$4.902
09/02/2015,$4.965,142835,$4.934,$4.9891,$4.934
09/01/2015,$4.856,312920,$4.82,$4.924,$4.82
08/31/2015,$5.123,767620,$5.058,$5.1422,$5.058
08/28/2015,$4.97,162970,$5.00,$5.00,$4.9597
08/27/2015,$4.956,1019035,$4.9621,$4.9621,$4.904
08/26/2015,$5.037,428275,$4.99,$5.04,$4.926
08/25/2015,$4.697,367380,$4.811,$4.886,$4.6764
08/24/2015,$4.46,852265,$4.36,$4.486,$4.322
08/21/2015,$4.692,1395795,$4.81,$4.848,$4.686
08/20/2015,$4.94,486140,$4.982,$4.992,$4.938
08/19/2015,$4.9811,271765,$4.9579,$4.985,$4.9579
08/18/2015,$4.96,251680,$4.908,$4.966,$4.908
08/17/2015,$4.95,755100,$4.918,$4.956,$4.896
08/14/2015,$4.848,96025,$4.814,$4.856,$4.814
08/13/2015,$4.864,91645,$4.86,$4.864,$4.85
08/12/2015,$4.864,356020,$4.8558,$4.876,$4.796
08/11/2015,$4.8923,237640,$4.864,$4.93,$4.864
08/10/2015,$4.9498,368145,$4.92,$4.954,$4.92
08/07/2015,$4.66,421795,$4.648,$4.668,$4.63
08/06/2015,$4.5723,1169915,$4.572,$4.612,$4.566
08/05/2015,$4.64,403235,$4.62,$4.648,$4.60
08/04/2015,$4.476,169890,$4.492,$4.492,$4.456
08/03/2015,$4.46,404740,$4.452,$4.4797,$4.43
07/31/2015,$4.402,195900,$4.434,$4.434,$4.39
07/30/2015,$4.486,1138070,$4.4578,$4.50,$4.442
07/29/2015,$4.58,739815,$4.3532,$4.59,$4.284
07/28/2015,$4.208,232790,$4.162,$4.208,$4.158
07/27/2015,$4.166,326745,$4.158,$4.208,$4.152
07/24/2015,$4.34,694555,$4.372,$4.3785,$4.34
07/23/2015,$4.376,623000,$4.38,$4.40,$4.37
07/22/2015,$4.336,611385,$4.327,$4.342,$4.312
07/21/2015,$4.38,846535,$4.3486,$4.382,$4.34
07/20/2015,$4.33,749995,$4.304,$4.332,$4.304
07/17/2015,$4.322,1388810,$4.294,$4.324,$4.29
07/16/2015,$4.2596,1017765,$4.202,$4.262,$4.202
07/15/2015,$4.096,189150,$4.098,$4.112,$4.091
07/14/2015,$4.022,235780,$4.018,$4.024,$4.00
07/13/2015,$4.054,311180,$4.046,$4.066,$4.0292
07/10/2015,$4.015,776210,$4.05,$4.05,$4.004
07/09/2015,$4.046,360935,$4.0806,$4.084,$4.039
07/08/2015,$4.00,5369685,$4.0922,$4.106,$3.968
07/07/2015,$4.1564,317100,$4.151,$4.16,$4.11
07/06/2015,$4.16,378870,$4.1458,$4.178,$4.14
07/02/2015,$4.272,267045,$4.273,$4.28,$4.265
07/01/2015,$4.304,342080,$4.244,$4.352,$4.244
06/30/2015,$4.196,2742805,$4.234,$4.234,$4.169
06/29/2015,$4.256,1004065,$4.286,$4.3128,$4.216
06/26/2015,$4.431,3239240,$4.42,$4.434,$4.40
06/25/2015,$4.352,1787450,$4.2704,$4.352,$4.268
06/24/2015,$4.186,1492145,$4.27,$4.27,$4.18
06/23/2015,$4.258,2054315,$4.228,$4.26,$4.228
06/22/2015,$4.108,5149540,$4.079,$4.134,$4.072
06/19/2015,$3.998,74370,$3.968,$4.00,$3.968
06/18/2015,$3.992,115235,$3.969,$3.994,$3.944
06/17/2015,$4.012,110915,$4.013,$4.0171,$3.974
06/16/2015,$4.126,81505,$4.09,$4.126,$4.09
06/15/2015,$4.102,154800,$4.105,$4.105,$4.074
06/12/2015,$4.13,68810,$4.122,$4.13,$4.11
06/11/2015,$4.056,76350,$4.084,$4.084,$4.048
06/10/2015,$4.13,301110,$4.104,$4.146,$4.104
06/09/2015,$4.084,390800,$4.078,$4.10,$4.066
06/08/2015,$4.144,198495,$4.158,$4.158,$4.13
06/05/2015,$4.17,172805,$4.172,$4.174,$4.163
06/04/2015,$4.238,42060,$4.249,$4.249,$4.232
06/03/2015,$4.22,64075,$4.24,$4.24,$4.21
06/02/2015,$4.218,121945,$4.2272,$4.236,$4.217
06/01/2015,$4.314,155265,$4.32,$4.34,$4.302
05/29/2015,$4.232,61235,$4.245,$4.245,$4.222
05/28/2015,$4.194,114885,$4.212,$4.212,$4.158
05/27/2015,$4.213,102970,$4.193,$4.22,$4.154
05/26/2015,$4.287,248595,$4.348,$4.348,$4.28
05/22/2015,$4.402,125145,$4.391,$4.416,$4.391
05/21/2015,$4.462,182755,$4.463,$4.484,$4.452
05/20/2015,$4.496,321445,$4.51,$4.512,$4.474
05/19/2015,$4.55,1028575,$4.60,$4.60,$4.543
05/18/2015,$4.653,2854615,$4.71,$4.71,$4.644
05/15/2015,$4.776,164110,$4.756,$4.776,$4.7322
05/14/2015,$4.73,301395,$4.722,$4.73,$4.706
05/13/2015,$4.618,257425,$4.602,$4.64,$4.602
05/12/2015,$4.318,257985,$4.316,$4.324,$4.292
05/11/2015,$4.29,125190,$4.31,$4.31,$4.28
05/08/2015,$4.478,322865,$4.448,$4.484,$4.434
05/07/2015,$4.432,2646845,$4.234,$4.4476,$4.224
05/06/2015,$4.156,1470935,$4.184,$4.186,$4.154
05/05/2015,$4.176,180265,$4.242,$4.302,$4.176
05/04/2015,$4.26,272830,$4.302,$4.302,$4.242
05/01/2015,$4.238,589665,$4.236,$4.238,$4.216
04/30/2015,$4.2086,199915,$4.2813,$4.2813,$4.2086
04/29/2015,$4.36,282675,$4.41,$4.41,$4.35
04/28/2015,$4.45,313655,$4.343,$4.47,$4.338
04/27/2015,$4.306,90130,$4.335,$4.37,$4.306
04/24/2015,$4.37,130385,$4.328,$4.386,$4.328
04/23/2015,$4.2488,340480,$4.225,$4.25,$4.202
04/22/2015,$4.376,314820,$4.368,$4.386,$4.35
04/21/2015,$4.338,277255,$4.336,$4.36,$4.322
04/20/2015,$4.27,364285,$4.272,$4.272,$4.25
04/17/2015,$4.25,875665,$4.292,$4.292,$4.224
04/16/2015,$4.319,283580,$4.311,$4.34,$4.2907
04/15/2015,$4.168,168040,$4.14,$4.174,$4.14
04/14/2015,$4.046,142610,$4.07,$4.07,$4.038
04/13/2015,$4.07,807840,$4.098,$4.1058,$4.058
04/10/2015,$3.948,102335,$3.91,$3.96,$3.904
04/09/2015,$3.924,66250,$3.8969,$3.936,$3.8923
04/08/2015,$3.958,254355,$3.988,$3.988,$3.95
04/07/2015,$3.988,302220,$3.968,$3.988,$3.952
04/06/2015,$3.928,191075,$3.872,$3.942,$3.856
04/02/2015,$3.672,217710,$3.67,$3.68,$3.664
04/01/2015,$3.744,98280,$3.727,$3.746,$3.708
03/31/2015,$3.686,201805,$3.68,$3.694,$3.68
03/30/2015,$3.784,307060,$3.786,$3.786,$3.768
03/27/2015,$3.816,108295,$3.844,$3.844,$3.78
03/26/2015,$3.732,287310,$3.777,$3.828,$3.726
03/25/2015,$3.842,308170,$3.90,$3.90,$3.832
03/24/2015,$3.7299,515950,$3.78,$3.78,$3.728
03/23/2015,$3.84,569330,$3.822,$3.864,$3.822
03/20/2015,$3.738,2285430,$3.702,$3.738,$3.646
03/19/2015,$3.92,2678790,$3.976,$3.978,$3.862
03/18/2015,$4.43,21241610,$4.242,$4.90,$4.242
03/17/2015,$3.644,11205165,$3.20,$3.84,$3.20
03/16/2015,$2.858,281460,$2.864,$2.876,$2.858
03/13/2015,$2.808,76415,$2.804,$2.82,$2.802
03/12/2015,$2.788,81765,$2.762,$2.79,$2.762
03/11/2015,$2.733,52595,$2.72,$2.748,$2.72
03/10/2015,$2.762,144865,$2.728,$2.766,$2.728
03/09/2015,$2.854,193870,$2.86,$2.868,$2.828
03/06/2015,$2.85,179885,$2.866,$2.868,$2.84
03/05/2015,$2.822,592000,$2.812,$2.832,$2.812
03/04/2015,$2.698,79810,$2.695,$2.708,$2.692
03/03/2015,$2.70,162595,$2.698,$2.718,$2.698
03/02/2015,$2.70,132070,$2.6879,$2.702,$2.684
02/27/2015,$2.6681,300045,$2.68,$2.68,$2.656
02/26/2015,$2.602,164090,$2.609,$2.61,$2.594
02/25/2015,$2.566,54825,$2.56,$2.566,$2.556
02/24/2015,$2.554,138880,$2.56,$2.564,$2.5394
02/23/2015,$2.558,101295,$2.546,$2.558,$2.538
02/20/2015,$2.554,179780,$2.544,$2.554,$2.54
02/19/2015,$2.536,68190,$2.539,$2.539,$2.534
02/18/2015,$2.514,142180,$2.4937,$2.514,$2.49
02/17/2015,$2.4686,119775,$2.48,$2.482,$2.468
02/13/2015,$2.482,123555,$2.494,$2.494,$2.468
02/12/2015,$2.48,163220,$2.434,$2.48,$2.434
02/11/2015,$2.474,96795,$2.476,$2.484,$2.464
02/10/2015,$2.48,172835,$2.496,$2.496,$2.472
02/09/2015,$2.449,205005,$2.455,$2.47,$2.442
02/06/2015,$2.485,107410,$2.458,$2.498,$2.458
02/05/2015,$2.424,203815,$2.42,$2.43,$2.404
02/04/2015,$2.408,189310,$2.424,$2.424,$2.40
02/03/2015,$2.42,296895,$2.398,$2.42,$2.398
02/02/2015,$2.442,258100,$2.428,$2.442,$2.428
01/30/2015,$2.408,455095,$2.392,$2.422,$2.392
01/29/2015,$2.377,486770,$2.40,$2.40,$2.36
01/28/2015,$2.484,237640,$2.55,$2.55,$2.48
01/27/2015,$2.578,146665,$2.562,$2.586,$2.562
01/26/2015,$2.562,300975,$2.558,$2.568,$2.532
01/23/2015,$2.533,71440,$2.535,$2.54,$2.514
01/22/2015,$2.562,251920,$2.541,$2.568,$2.5316
01/21/2015,$2.568,89890,$2.544,$2.578,$2.544
01/20/2015,$2.5606,151035,$2.596,$2.596,$2.548
01/16/2015,$2.57,200230,$2.568,$2.57,$2.548
01/15/2015,$2.556,241735,$2.5804,$2.586,$2.548
01/14/2015,$2.494,167170,$2.477,$2.4985,$2.462
01/13/2015,$2.578,149795,$2.576,$2.604,$2.5702
01/12/2015,$2.545,187910,$2.552,$2.56,$2.524
01/09/2015,$2.542,232860,$2.563,$2.58,$2.534
01/08/2015,$2.56,218735,$2.552,$2.56,$2.538
01/07/2015,$2.502,130805,$2.496,$2.514,$2.496
01/06/2015,$2.474,353000,$2.478,$2.50,$2.474
01/05/2015,$2.538,575500,$2.568,$2.568,$2.536
01/02/2015,$2.608,119500,$2.61,$2.61,$2.592
12/31/2014,$2.59,422000,$2.599,$2.608,$2.59
12/30/2014,$2.602,570500,$2.596,$2.636,$2.596
12/29/2014,$2.618,475000,$2.609,$2.63,$2.594
12/26/2014,$2.6661,136500,$2.654,$2.679,$2.652
12/24/2014,$2.661,36500,$2.662,$2.67,$2.65
12/23/2014,$2.648,112500,$2.66,$2.662,$2.64
12/22/2014,$2.64,153500,$2.644,$2.658,$2.634
12/19/2014,$2.654,236500,$2.648,$2.66,$2.648
12/18/2014,$2.694,154000,$2.68,$2.70,$2.668
12/17/2014,$2.652,276000,$2.66,$2.682,$2.6512
12/16/2014,$2.659,326000,$2.652,$2.68,$2.652
12/15/2014,$2.714,212500,$2.722,$2.742,$2.704
12/12/2014,$2.75,142000,$2.776,$2.7778,$2.75
12/11/2014,$2.804,107000,$2.8238,$2.8238,$2.804
12/10/2014,$2.828,95000,$2.824,$2.856,$2.81
12/09/2014,$2.806,246000,$2.8272,$2.8272,$2.796
12/08/2014,$2.834,181000,$2.826,$2.87,$2.826
12/05/2014,$2.882,1750500,$2.928,$2.928,$2.86
12/04/2014,$2.91,135500,$2.922,$2.932,$2.90
12/03/2014,$2.948,194500,$2.956,$2.956,$2.93
12/02/2014,$2.908,109500,$2.914,$2.914,$2.894
12/01/2014,$2.964,217000,$2.956,$2.974,$2.934
11/28/2014,$2.90,258500,$2.90,$2.908,$2.884
11/26/2014,$2.89,1023000,$2.896,$2.91,$2.87
11/25/2014,$2.7968,185500,$2.786,$2.80,$2.786
11/24/2014,$2.758,174000,$2.753,$2.763,$2.752
11/21/2014,$2.76,112500,$2.76,$2.77,$2.7526
11/20/2014,$2.724,53000,$2.734,$2.734,$2.714
11/19/2014,$2.726,162500,$2.752,$2.752,$2.726
11/18/2014,$2.78,N/A,$2.76,$2.78,$2.76
11/17/2014,$2.716,38500,$2.718,$2.72,$2.704
11/14/2014,$2.753,76000,$2.764,$2.764,$2.74
11/13/2014,$2.702,310500,$2.73,$2.73,$2.70
11/12/2014,$2.71,116500,$2.714,$2.722,$2.71
11/11/2014,$2.68,109500,$2.69,$2.69,$2.6674
11/10/2014,$2.63,101500,$2.664,$2.664,$2.616
11/07/2014,$2.626,157000,$2.644,$2.644,$2.614
11/06/2014,$2.654,51500,$2.66,$2.664,$2.6383
11/05/2014,$2.696,56500,$2.702,$2.7325,$2.688
11/04/2014,$2.693,87500,$2.691,$2.6978,$2.6721
11/03/2014,$2.758,92500,$2.649,$2.758,$2.6483
10/31/2014,$2.734,239000,$2.70,$2.736,$2.666
10/30/2014,$2.588,337500,$2.587,$2.60,$2.572
10/29/2014,$2.76,199000,$2.67,$2.77,$2.67
10/28/2014,$2.58,158000,$2.594,$2.594,$2.562
10/27/2014,$2.582,116000,$2.5883,$2.594,$2.556
